resume_text,job_description,match_label,match_score,match_label_lower,resume_len,jd_len
"BI Analyst with 7 years of experience based in Remote. M.S. in Data Science. Previously at Cobalt and Vertex Systems, where I helped to build dashboards and reports for business stakeholders, identify trends and translate them into recommendations, and maintain data quality and documentation. Core skills include SQL, Python, ETL, data visualization, Google Analytics, dashboards, reporting, and Excel. Proven track record of delivering results in fast-paced environments and collaborating across teams to drive measurable impact.","Fathom is hiring a Financial Analyst (Berlin). In this role you will build financial models and forecasts, prepare monthly budget vs actual variance analysis, support annual planning and budgeting cycles, and produce management reporting and dashboards. We are looking for 4+ years of experience and strong skills in GAAP, forecasting, financial reporting, financial modeling, budgeting, accounting, and valuation. You should be a collaborative team player who thrives on ownership and impact.",medium,0.53,medium,75,71
"Data Scientist with 13 years of experience based in New York. B.A. in Marketing. Previously at Umbrella Labs and Ridgeline, where I helped to run experiments and A/B tests to guide product decisions, clean, transform, and analyze large datasets, and develop predictive models and evaluate their performance. Core skills include data visualization, TensorFlow, statistics, pandas, NLP, A/B testing, SQL, NumPy, and scikit-learn. Proven track record of delivering results in fast-paced environments and collaborating across teams to drive measurable impact.","Lumen is hiring a Senior UX Designer (Singapore). In this role you will design intuitive user flows and interfaces, create wireframes, prototypes, and high-fidelity mockups, conduct user research and usability testing, and collaborate closely with product and engineering. We are looking for 2+ years of experience and strong skills in wireframing, interaction design, user research, Figma, Sketch, design systems, and prototyping. You should be a collaborative team player who thrives on ownership and impact.",low,0.26,low,79,74
"Software Engineer with 8 years of experience based in New York. B.S. in Statistics. Previously at BrightData and Kestrel, where I helped to optimize application performance and reliability, develop and maintain RESTful APIs, and participate in code reviews and technical design discussions. Core skills include GraphQL, SQL, JavaScript, React, AWS, Kubernetes, TypeScript, and Node.js. Proven track record of delivering results in fast-paced environments and collaborating across teams to drive measurable impact.","Acme Corp is hiring a Product Manager (Seattle). In this role you will define product requirements and success metrics, work with engineering and design to deliver features, own the product roadmap and prioritize the backlog, and align stakeholders around a product vision. We are looking for 4+ years of experience and strong skills in A/B testing, prioritization, stakeholder management, roadmap planning, Agile, wireframing, user research, and analytics. You should be a collaborative team player who thrives on ownership and impact.",low,0.31,low,71,80
"Backend Engineer with 15 years of experience based in Berlin. B.S. in Statistics. Previously at Umbrella Labs and TechNova, where I helped to optimize application performance and reliability, collaborate with cross-functional teams to ship features, and design and build scalable backend services. Core skills include Python, microservices, Docker, GraphQL, SQL, CI/CD, and React. Proven track record of delivering results in fast-paced environments and collaborating across teams to drive measurable impact.","Umbrella Labs is hiring a Senior Data Scientist (Singapore). In this role you will develop predictive models and evaluate their performance, clean, transform, and analyze large datasets, translate business problems into data science solutions, and run experiments and A/B tests to guide product decisions. We are looking for 4+ years of experience and strong skills in PyTorch, deep learning, statistics, SQL, data visualization, A/B testing, machine learning, R, and TensorFlow. You should be a collaborative team player who thrives on ownership and impact.",medium,0.46,medium,70,83
"Cloud Engineer with 5 years of experience based in Toronto. B.S. in Computer Science. Previously at Acme Corp and TechNova, where I helped to build and maintain CI/CD pipelines, reduce incident response time and toil, and manage cloud infrastructure with infrastructure-as-code. Core skills include Jenkins, Ansible, Python, Kubernetes, Linux, monitoring, and Prometheus. Proven track record of delivering results in fast-paced environments and collaborating across teams to drive measurable impact.","Cobalt is hiring a Platform Engineer (Austin). In this role you will reduce incident response time and toil, improve system reliability, monitoring, and alerting, ensure security and scalability of platforms, and build and maintain CI/CD pipelines. We are looking for 4+ years of experience and strong skills in AWS, monitoring, Terraform, Kubernetes, CI/CD, Docker, Ansible, and GitOps. You should be a collaborative team player who thrives on ownership and impact.",high,0.77,high,69,70
"Senior UX Designer with 13 years of experience based in Austin. B.S. in Business Administration. Previously at Acme Corp and Sonder, where I helped to create wireframes, prototypes, and high-fidelity mockups, design intuitive user flows and interfaces, and advocate for accessible, user-centered design. Core skills include interaction design, Adobe XD, Sketch, Figma, design systems, accessibility, and wireframing. Proven track record of delivering results in fast-paced environments and collaborating across teams to drive measurable impact.","Vertex Systems is hiring a Product Designer (Berlin). In this role you will collaborate closely with product and engineering, advocate for accessible, user-centered design, conduct user research and usability testing, and design intuitive user flows and interfaces. We are looking for 2+ years of experience and strong skills in design systems, Figma, usability testing, interaction design, Sketch, and Adobe XD. You should be a collaborative team player who thrives on ownership and impact.",high,0.92,high,74,73
"Marketing Manager with 9 years of experience based in Singapore. B.A. in Economics. Previously at Lumen and Fathom, where I helped to analyze campaign performance and report on KPIs, run email and social media marketing programs, and plan and execute multi-channel marketing campaigns. Core skills include brand strategy, HubSpot, SEO, paid ads, Google Analytics, email marketing, and copywriting. Proven track record of delivering results in fast-paced environments and collaborating across teams to drive measurable impact.","Acme Corp is hiring a Senior Software Engineer (Remote). In this role you will design and build scalable backend services, collaborate with cross-functional teams to ship features, participate in code reviews and technical design discussions, and optimize application performance and reliability. We are looking for 3+ years of experience and strong skills in CI/CD, React, AWS, Git, Kubernetes, SQL, JavaScript, Python, and TypeScript. You should be a collaborative team player who thrives on ownership and impact.",low,0.13,low,75,76
"Senior Data Scientist with 14 years of experience based in Berlin. B.S. in Finance. Previously at Acme Corp and TechNova, where I helped to run experiments and A/B tests to guide product decisions, translate business problems into data science solutions, and build and deploy machine learning models to production. Core skills include scikit-learn, TensorFlow, machine learning, SQL, data visualization, NumPy, Python, PyTorch, and A/B testing. Proven track record of delivering results in fast-paced environments and collaborating across teams to drive measurable impact.","Northwind is hiring a Business Analyst (Singapore). In this role you will support decision-making with clear data storytelling, maintain data quality and documentation, write SQL queries to extract and analyze data, and automate recurring reporting workflows. We are looking for 5+ years of experience and strong skills in Excel, Google Analytics, reporting, ETL, statistics, Python, dashboards, data visualization, and Tableau. You should be a collaborative team player who thrives on ownership and impact.",medium,0.45,medium,82,73
"HR Manager with 14 years of experience based in Seattle. M.S. in Human-Computer Interaction. Previously at Cobalt and BrightData, where I helped to drive engagement and retention initiatives, partner with leaders on org design and headcount planning, and ensure HR policies and compliance are up to date. Core skills include HRIS, benefits, onboarding, talent acquisition, compensation, employee relations, and recruiting. Proven track record of delivering results in fast-paced environments and collaborating across teams to drive measurable impact.","Cobalt is hiring a Business Development Manager (London). In this role you will develop relationships with key accounts, forecast revenue and report on sales metrics, manage and grow a book of business, and build and maintain a healthy sales pipeline. We are looking for 4+ years of experience and strong skills in CRM, closing, Salesforce, cold outreach, B2B sales, pipeline management, lead generation, negotiation, and account management. You should be a collaborative team player who thrives on ownership and impact.",medium,0.46,medium,77,80
"Business Analyst with 3 years of experience based in New York. B.S. in Business Administration. Previously at Initech and BrightData, where I helped to build dashboards and reports for business stakeholders, automate recurring reporting workflows, and support decision-making with clear data storytelling. Core skills include Power BI, Google Analytics, ETL, Python, Excel, statistics, data visualization, and reporting. Proven track record of delivering results in fast-paced environments and collaborating across teams to drive measurable impact.","Acme Corp is hiring a Product Manager (Singapore). In this role you will align stakeholders around a product vision, define product requirements and success metrics, work with engineering and design to deliver features, and own the product roadmap and prioritize the backlog. We are looking for 3+ years of experience and strong skills in roadmap planning, wireframing, analytics, prioritization, Scrum, user research, Agile, A/B testing, and SQL. You should be a collaborative team player who thrives on ownership and impact.",medium,0.48,medium,74,80
"Full Stack Developer with 6 years of experience based in Bangalore. B.S. in Finance. Previously at BrightData and Nimbus, where I helped to design and build scalable backend services, collaborate with cross-functional teams to ship features, and develop and maintain RESTful APIs. Core skills include SQL, GraphQL, AWS, microservices, Java, Python, and JavaScript. Proven track record of delivering results in fast-paced environments and collaborating across teams to drive measurable impact.","Kestrel is hiring a Senior Product Manager (Toronto). In this role you will define product requirements and success metrics, own the product roadmap and prioritize the backlog, work with engineering and design to deliver features, and align stakeholders around a product vision. We are looking for 2+ years of experience and strong skills in A/B testing, Scrum, wireframing, go-to-market, and analytics. You should be a collaborative team player who thrives on ownership and impact.",low,0.31,low,70,74
"Account Executive with 8 years of experience based in Austin. MBA. Previously at Ridgeline and Cobalt, where I helped to manage and grow a book of business, build and maintain a healthy sales pipeline, and exceed quarterly sales targets. Core skills include negotiation, Salesforce, CRM, B2B sales, cold outreach, closing, forecasting, account management, and pipeline management. Proven track record of delivering results in fast-paced environments and collaborating across teams to drive measurable impact.","Umbrella Labs is hiring a Business Development Manager (Berlin). In this role you will manage and grow a book of business, forecast revenue and report on sales metrics, build and maintain a healthy sales pipeline, and exceed quarterly sales targets. We are looking for 3+ years of experience and strong skills in forecasting, lead generation, Salesforce, account management, and CRM. You should be a collaborative team player who thrives on ownership and impact.",high,0.88,high,73,73
"Backend Engineer with 11 years of experience based in Toronto. B.A. in Marketing. Previously at Umbrella Labs and Fathom, where I helped to optimize application performance and reliability, collaborate with cross-functional teams to ship features, and design and build scalable backend services. Core skills include REST APIs, GraphQL, SQL, Docker, React, and JavaScript. Proven track record of delivering results in fast-paced environments and collaborating across teams to drive measurable impact.","Kestrel is hiring a UX/UI Designer (San Francisco). In this role you will maintain and evolve the design system, conduct user research and usability testing, advocate for accessible, user-centered design, and design intuitive user flows and interfaces. We are looking for 5+ years of experience and strong skills in Figma, accessibility, user research, Adobe XD, wireframing, and design systems. You should be a collaborative team player who thrives on ownership and impact.",medium,0.66,medium,70,72
"FP&A Analyst with 12 years of experience based in Bangalore. M.S. in Human-Computer Interaction. Previously at Globex and TechNova, where I helped to analyze business performance and profitability, produce management reporting and dashboards, and support annual planning and budgeting cycles. Core skills include accounting, financial modeling, financial reporting, GAAP, budgeting, variance analysis, Excel, and valuation. Proven track record of delivering results in fast-paced environments and collaborating across teams to drive measurable impact.","Acme Corp is hiring a Data Analyst (San Francisco). In this role you will write SQL queries to extract and analyze data, automate recurring reporting workflows, support decision-making with clear data storytelling, and identify trends and translate them into recommendations. We are looking for 2+ years of experience and strong skills in Excel, statistics, data visualization, dashboards, Python, and Tableau. You should be a collaborative team player who thrives on ownership and impact.",medium,0.52,medium,72,73
"UX Designer with 9 years of experience based in Remote. B.S. in Statistics. Previously at Initech and Globex, where I helped to collaborate closely with product and engineering, advocate for accessible, user-centered design, and maintain and evolve the design system. Core skills include wireframing, Sketch, accessibility, Figma, Adobe XD, user research, usability testing, design systems, and prototyping. Proven track record of delivering results in fast-paced environments and collaborating across teams to drive measurable impact.","Umbrella Labs is hiring a Product Manager (New York). In this role you will align stakeholders around a product vision, analyze usage data to inform product decisions, gather and synthesize customer and market feedback, and own the product roadmap and prioritize the backlog. We are looking for 4+ years of experience and strong skills in SQL, analytics, wireframing, Scrum, and go-to-market. You should be a collaborative team player who thrives on ownership and impact.",medium,0.44,medium,74,74
"DevOps Engineer with 7 years of experience based in Remote. B.S. in Statistics. Previously at Sonder and Kestrel, where I helped to build and maintain CI/CD pipelines, ensure security and scalability of platforms, and automate deployment and provisioning workflows. Core skills include Prometheus, Jenkins, CI/CD, Terraform, Docker, Ansible, Linux, Kubernetes, and AWS. Proven track record of delivering results in fast-paced environments and collaborating across teams to drive measurable impact.","Lumen is hiring a DevOps Engineer (Bangalore). In this role you will manage cloud infrastructure with infrastructure-as-code, build and maintain CI/CD pipelines, automate deployment and provisioning workflows, and ensure security and scalability of platforms. We are looking for 4+ years of experience and strong skills in Python, Docker, Prometheus, AWS, Ansible, Terraform, Kubernetes, and Linux. You should be a collaborative team player who thrives on ownership and impact.",high,0.93,high,69,68
"Backend Engineer with 8 years of experience based in Austin. B.S. in Statistics. Previously at TechNova and Nimbus, where I helped to design and build scalable backend services, collaborate with cross-functional teams to ship features, and write clean, testable, well-documented code. Core skills include Docker, Node.js, REST APIs, Kubernetes, AWS, microservices, and Python. Proven track record of delivering results in fast-paced environments and collaborating across teams to drive measurable impact.","Ridgeline is hiring a Software Engineer (New York). In this role you will write clean, testable, well-documented code, develop and maintain RESTful APIs, design and build scalable backend services, and participate in code reviews and technical design discussions. We are looking for 5+ years of experience and strong skills in Kubernetes, JavaScript, React, Node.js, Docker, Python, Java, REST APIs, and GraphQL. You should be a collaborative team player who thrives on ownership and impact.",high,0.8,high,70,74
"DevOps Engineer with 10 years of experience based in Bangalore. B.S. in Computer Science. Previously at Vertex Systems and Nimbus, where I helped to automate deployment and provisioning workflows, build and maintain CI/CD pipelines, and reduce incident response time and toil. Core skills include Ansible, Terraform, Python, AWS, CI/CD, Prometheus, Jenkins, and GitOps. Proven track record of delivering results in fast-paced environments and collaborating across teams to drive measurable impact.","Vertex Systems is hiring a Investment Analyst (Singapore). In this role you will support annual planning and budgeting cycles, analyze business performance and profitability, partner with department heads on cost control, and prepare monthly budget vs actual variance analysis. We are looking for 4+ years of experience and strong skills in Excel, accounting, valuation, Power BI, and SQL. You should be a collaborative team player who thrives on ownership and impact.",low,0.08,low,70,71
"Senior Software Engineer with 11 years of experience based in Singapore. B.S. in Business Administration. Previously at BrightData and Initech, where I helped to participate in code reviews and technical design discussions, develop and maintain RESTful APIs, and optimize application performance and reliability. Core skills include Node.js, SQL, Python, AWS, and TypeScript. Proven track record of delivering results in fast-paced environments and collaborating across teams to drive measurable impact.","Sonder is hiring a HR Manager (Bangalore). In this role you will partner with leaders on org design and headcount planning, manage employee relations and performance processes, lead full-cycle recruiting and onboarding, and ensure HR policies and compliance are up to date. We are looking for 2+ years of experience and strong skills in compliance, benefits, talent acquisition, coaching, HRIS, employee relations, compensation, and recruiting. You should be a collaborative team player who thrives on ownership and impact.",low,0.11,low,69,78
"Senior Software Engineer with 9 years of experience based in Berlin. MBA. Previously at Acme Corp and Vertex Systems, where I helped to write clean, testable, well-documented code, develop and maintain RESTful APIs, and participate in code reviews and technical design discussions. Core skills include TypeScript, CI/CD, React, Python, Git, and Java. Proven track record of delivering results in fast-paced environments and collaborating across teams to drive measurable impact.","Vertex Systems is hiring a Site Reliability Engineer (Singapore). In this role you will improve system reliability, monitoring, and alerting, automate deployment and provisioning workflows, ensure security and scalability of platforms, and manage cloud infrastructure with infrastructure-as-code. We are looking for 3+ years of experience and strong skills in Ansible, Python, Linux, AWS, Kubernetes, CI/CD, Docker, and monitoring. You should be a collaborative team player who thrives on ownership and impact.",medium,0.65,medium,69,71
"BI Analyst with 12 years of experience based in Bangalore. B.Eng. in Software Engineering. Previously at Cobalt and Umbrella Labs, where I helped to support decision-making with clear data storytelling, build dashboards and reports for business stakeholders, and maintain data quality and documentation. Core skills include Google Analytics, statistics, reporting, Tableau, Python, and data visualization. Proven track record of delivering results in fast-paced environments and collaborating across teams to drive measurable impact.","Northwind is hiring a Senior Data Analyst (Bangalore). In this role you will support decision-making with clear data storytelling, identify trends and translate them into recommendations, build dashboards and reports for business stakeholders, and maintain data quality and documentation. We are looking for 5+ years of experience and strong skills in Python, data visualization, reporting, dashboards, Tableau, Google Analytics, SQL, ETL, and statistics. You should be a collaborative team player who thrives on ownership and impact.",high,0.84,high,72,76
"Platform Engineer with 15 years of experience based in Toronto. B.S. in Statistics. Previously at Fathom and Umbrella Labs, where I helped to automate deployment and provisioning workflows, reduce incident response time and toil, and build and maintain CI/CD pipelines. Core skills include CI/CD, monitoring, Kubernetes, Python, and Prometheus. Proven track record of delivering results in fast-paced environments and collaborating across teams to drive measurable impact.","Sonder is hiring a Backend Engineer (Bangalore). In this role you will design and build scalable backend services, participate in code reviews and technical design discussions, collaborate with cross-functional teams to ship features, and develop and maintain RESTful APIs. We are looking for 5+ years of experience and strong skills in Java, JavaScript, SQL, Docker, REST APIs, TypeScript, and React. You should be a collaborative team player who thrives on ownership and impact.",medium,0.7,medium,66,73
"Product Designer with 4 years of experience based in Austin. B.S. in Statistics. Previously at Ridgeline and Lumen, where I helped to maintain and evolve the design system, design intuitive user flows and interfaces, and conduct user research and usability testing. Core skills include wireframing, accessibility, Figma, design systems, interaction design, user research, and prototyping. Proven track record of delivering results in fast-paced environments and collaborating across teams to drive measurable impact.","Ridgeline is hiring a Full Stack Developer (London). In this role you will write clean, testable, well-documented code, design and build scalable backend services, develop and maintain RESTful APIs, and participate in code reviews and technical design discussions. We are looking for 4+ years of experience and strong skills in Docker, React, SQL, TypeScript, GraphQL, Java, AWS, and Git. You should be a collaborative team player who thrives on ownership and impact.",low,0.25,low,72,72
"Backend Engineer with 12 years of experience based in Bangalore. B.A. in Marketing. Previously at TechNova and Northwind, where I helped to participate in code reviews and technical design discussions, write clean, testable, well-documented code, and collaborate with cross-functional teams to ship features. Core skills include AWS, React, GraphQL, TypeScript, and Git. Proven track record of delivering results in fast-paced environments and collaborating across teams to drive measurable impact.","Northwind is hiring a Talent Acquisition Manager (Austin). In this role you will lead full-cycle recruiting and onboarding, ensure HR policies and compliance are up to date, manage employee relations and performance processes, and partner with leaders on org design and headcount planning. We are looking for 5+ years of experience and strong skills in compensation, compliance, performance management, HRIS, onboarding, employee relations, talent acquisition, and benefits. You should be a collaborative team player who thrives on ownership and impact.",low,0.08,low,69,80
"Data Scientist with 12 years of experience based in Austin. B.S. in Business Administration. Previously at Cobalt and Initech, where I helped to run experiments and A/B tests to guide product decisions, communicate findings to non-technical stakeholders, and build and deploy machine learning models to production. Core skills include pandas, deep learning, Python, machine learning, and statistics. Proven track record of delivering results in fast-paced environments and collaborating across teams to drive measurable impact.","Fathom is hiring a Data Scientist (New York). In this role you will communicate findings to non-technical stakeholders, run experiments and A/B tests to guide product decisions, build and deploy machine learning models to production, and clean, transform, and analyze large datasets. We are looking for 5+ years of experience and strong skills in NLP, pandas, A/B testing, TensorFlow, PyTorch, data visualization, NumPy, scikit-learn, and machine learning. You should be a collaborative team player who thrives on ownership and impact.",high,0.82,high,74,80
"Talent Acquisition Manager with 2 years of experience based in Bangalore. B.S. in Statistics. Previously at BrightData and Fathom, where I helped to ensure HR policies and compliance are up to date, own compensation and benefits administration, and manage employee relations and performance processes. Core skills include compensation, performance management, talent acquisition, employee relations, and benefits. Proven track record of delivering results in fast-paced environments and collaborating across teams to drive measurable impact.","BrightData is hiring a Business Analyst (Seattle). In this role you will automate recurring reporting workflows, build dashboards and reports for business stakeholders, support decision-making with clear data storytelling, and identify trends and translate them into recommendations. We are looking for 2+ years of experience and strong skills in ETL, data visualization, Power BI, Tableau, dashboards, reporting, Google Analytics, Excel, and SQL. You should be a collaborative team player who thrives on ownership and impact.",low,0.12,low,73,75
"UX/UI Designer with 8 years of experience based in Singapore. M.S. in Data Science. Previously at Kestrel and Ridgeline, where I helped to maintain and evolve the design system, design intuitive user flows and interfaces, and conduct user research and usability testing. Core skills include wireframing, Figma, user research, Sketch, prototyping, and interaction design. Proven track record of delivering results in fast-paced environments and collaborating across teams to drive measurable impact.","Kestrel is hiring a UX Designer (Remote). In this role you will maintain and evolve the design system, conduct user research and usability testing, advocate for accessible, user-centered design, and collaborate closely with product and engineering. We are looking for 4+ years of experience and strong skills in wireframing, interaction design, design systems, Sketch, prototyping, usability testing, accessibility, and Adobe XD. You should be a collaborative team player who thrives on ownership and impact.",high,0.79,high,71,74
"Applied Scientist with 2 years of experience based in Singapore. B.S. in Finance. Previously at Sonder and TechNova, where I helped to communicate findings to non-technical stakeholders, build and deploy machine learning models to production, and translate business problems into data science solutions. Core skills include machine learning, data visualization, NLP, NumPy, and PyTorch. Proven track record of delivering results in fast-paced environments and collaborating across teams to drive measurable impact.","Sonder is hiring a Platform Engineer (Toronto). In this role you will improve system reliability, monitoring, and alerting, ensure security and scalability of platforms, build and maintain CI/CD pipelines, and manage cloud infrastructure with infrastructure-as-code. We are looking for 5+ years of experience and strong skills in Prometheus, GitOps, Ansible, CI/CD, and AWS. You should be a collaborative team player who thrives on ownership and impact.",medium,0.67,medium,71,66
"Marketing Manager with 13 years of experience based in Toronto. M.S. in Data Science. Previously at Nimbus and Kestrel, where I helped to run email and social media marketing programs, analyze campaign performance and report on KPIs, and grow organic traffic through SEO and content strategy. Core skills include social media, content marketing, email marketing, paid ads, SEO, Google Analytics, and campaign management. Proven track record of delivering results in fast-paced environments and collaborating across teams to drive measurable impact.","Fathom is hiring a Backend Engineer (London). In this role you will develop and maintain RESTful APIs, design and build scalable backend services, participate in code reviews and technical design discussions, and optimize application performance and reliability. We are looking for 4+ years of experience and strong skills in microservices, REST APIs, Kubernetes, Python, and Node.js. You should be a collaborative team player who thrives on ownership and impact.",low,0.28,low,80,69
"Financial Analyst with 13 years of experience based in Austin. B.S. in Business Administration. Previously at Cobalt and Kestrel, where I helped to prepare monthly budget vs actual variance analysis, partner with department heads on cost control, and build financial models and forecasts. Core skills include accounting, Power BI, financial reporting, valuation, Excel, budgeting, and forecasting. Proven track record of delivering results in fast-paced environments and collaborating across teams to drive measurable impact.","TechNova is hiring a Investment Analyst (Toronto). In this role you will partner with department heads on cost control, build financial models and forecasts, produce management reporting and dashboards, and prepare monthly budget vs actual variance analysis. We are looking for 3+ years of experience and strong skills in Power BI, forecasting, SQL, valuation, Excel, GAAP, variance analysis, accounting, and financial reporting. You should be a collaborative team player who thrives on ownership and impact.",high,0.78,high,73,75
"UX/UI Designer with 15 years of experience based in San Francisco. M.S. in Human-Computer Interaction. Previously at Globex and Northwind, where I helped to collaborate closely with product and engineering, advocate for accessible, user-centered design, and conduct user research and usability testing. Core skills include accessibility, usability testing, Figma, Sketch, user research, prototyping, Adobe XD, interaction design, and wireframing. Proven track record of delivering results in fast-paced environments and collaborating across teams to drive measurable impact.","Umbrella Labs is hiring a Product Designer (Seattle). In this role you will create wireframes, prototypes, and high-fidelity mockups, maintain and evolve the design system, advocate for accessible, user-centered design, and collaborate closely with product and engineering. We are looking for 5+ years of experience and strong skills in design systems, prototyping, Figma, user research, and interaction design. You should be a collaborative team player who thrives on ownership and impact.",high,0.87,high,76,71
"FP&A Analyst with 1 years of experience based in Berlin. B.S. in Business Administration. Previously at Kestrel and TechNova, where I helped to produce management reporting and dashboards, partner with department heads on cost control, and build financial models and forecasts. Core skills include accounting, SQL, forecasting, GAAP, and variance analysis. Proven track record of delivering results in fast-paced environments and collaborating across teams to drive measurable impact.","TechNova is hiring a Investment Analyst (Toronto). In this role you will support annual planning and budgeting cycles, analyze business performance and profitability, produce management reporting and dashboards, and build financial models and forecasts. We are looking for 5+ years of experience and strong skills in GAAP, forecasting, valuation, financial modeling, Excel, Power BI, and SQL. You should be a collaborative team player who thrives on ownership and impact.",high,0.76,high,68,69
"Growth Marketing Manager with 4 years of experience based in Austin. M.S. in Human-Computer Interaction. Previously at Lumen and Ridgeline, where I helped to run email and social media marketing programs, analyze campaign performance and report on KPIs, and develop brand messaging and positioning. Core skills include paid ads, social media, copywriting, Google Analytics, brand strategy, and SEO. Proven track record of delivering results in fast-paced environments and collaborating across teams to drive measurable impact.","Northwind is hiring a HR Manager (Remote). In this role you will manage employee relations and performance processes, own compensation and benefits administration, partner with leaders on org design and headcount planning, and ensure HR policies and compliance are up to date. We are looking for 5+ years of experience and strong skills in performance management, benefits, compensation, compliance, HRIS, coaching, and talent acquisition. You should be a collaborative team player who thrives on ownership and impact.",medium,0.46,medium,75,77
"Group Product Manager with 7 years of experience based in Remote. B.Eng. in Software Engineering. Previously at TechNova and Umbrella Labs, where I helped to analyze usage data to inform product decisions, gather and synthesize customer and market feedback, and define product requirements and success metrics. Core skills include analytics, wireframing, go-to-market, roadmap planning, Scrum, and prioritization. Proven track record of delivering results in fast-paced environments and collaborating across teams to drive measurable impact.","Vertex Systems is hiring a Content Marketing Manager (Berlin). In this role you will plan and execute multi-channel marketing campaigns, analyze campaign performance and report on KPIs, manage paid advertising budgets and optimize ROI, and run email and social media marketing programs. We are looking for 3+ years of experience and strong skills in paid ads, HubSpot, SEO, email marketing, Google Analytics, content marketing, and copywriting. You should be a collaborative team player who thrives on ownership and impact.",medium,0.42,medium,74,79
"Talent Acquisition Manager with 6 years of experience based in Singapore. B.S. in Computer Science. Previously at Kestrel and Vertex Systems, where I helped to manage employee relations and performance processes, drive engagement and retention initiatives, and partner with leaders on org design and headcount planning. Core skills include onboarding, employee relations, recruiting, benefits, coaching, talent acquisition, compliance, and compensation. Proven track record of delivering results in fast-paced environments and collaborating across teams to drive measurable impact.","BrightData is hiring a Account Executive (Remote). In this role you will manage and grow a book of business, build and maintain a healthy sales pipeline, forecast revenue and report on sales metrics, and develop relationships with key accounts. We are looking for 3+ years of experience and strong skills in negotiation, closing, pipeline management, forecasting, and B2B sales. You should be a collaborative team player who thrives on ownership and impact.",medium,0.55,medium,77,72
"BI Analyst with 6 years of experience based in Berlin. B.S. in Finance. Previously at Acme Corp and Ridgeline, where I helped to maintain data quality and documentation, support decision-making with clear data storytelling, and identify trends and translate them into recommendations. Core skills include reporting, ETL, statistics, Tableau, data visualization, Power BI, and Google Analytics. Proven track record of delivering results in fast-paced environments and collaborating across teams to drive measurable impact.","Acme Corp is hiring a Data Scientist (Austin). In this role you will develop predictive models and evaluate their performance, translate business problems into data science solutions, build and deploy machine learning models to production, and clean, transform, and analyze large datasets. We are looking for 5+ years of experience and strong skills in deep learning, A/B testing, statistics, SQL, and NumPy. You should be a collaborative team player who thrives on ownership and impact.",medium,0.67,medium,73,75
"Data Analyst with 15 years of experience based in San Francisco. M.S. in Data Science. Previously at Ridgeline and Globex, where I helped to automate recurring reporting workflows, build dashboards and reports for business stakeholders, and write SQL queries to extract and analyze data. Core skills include data visualization, Python, Google Analytics, Tableau, statistics, Power BI, ETL, and reporting. Proven track record of delivering results in fast-paced environments and collaborating across teams to drive measurable impact.","Kestrel is hiring a Business Analyst (Bangalore). In this role you will support decision-making with clear data storytelling, build dashboards and reports for business stakeholders, maintain data quality and documentation, and automate recurring reporting workflows. We are looking for 5+ years of experience and strong skills in Power BI, Python, Tableau, Google Analytics, Excel, and SQL. You should be a collaborative team player who thrives on ownership and impact.",high,0.88,high,76,69
"UX Designer with 10 years of experience based in San Francisco. M.S. in Human-Computer Interaction. Previously at Umbrella Labs and Sonder, where I helped to conduct user research and usability testing, create wireframes, prototypes, and high-fidelity mockups, and maintain and evolve the design system. Core skills include user research, interaction design, accessibility, Sketch, Figma, Adobe XD, prototyping, wireframing, and design systems. Proven track record of delivering results in fast-paced environments and collaborating across teams to drive measurable impact.","TechNova is hiring a Investment Analyst (Singapore). In this role you will partner with department heads on cost control, analyze business performance and profitability, prepare monthly budget vs actual variance analysis, and produce management reporting and dashboards. We are looking for 5+ years of experience and strong skills in budgeting, SQL, valuation, financial reporting, variance analysis, Power BI, and financial modeling. You should be a collaborative team player who thrives on ownership and impact.",low,0.1,low,78,74
"Business Analyst with 8 years of experience based in Bangalore. MBA. Previously at TechNova and Northwind, where I helped to support decision-making with clear data storytelling, maintain data quality and documentation, and write SQL queries to extract and analyze data. Core skills include Python, data visualization, Google Analytics, dashboards, reporting, SQL, and statistics. Proven track record of delivering results in fast-paced environments and collaborating across teams to drive measurable impact.","Umbrella Labs is hiring a Investment Analyst (Singapore). In this role you will partner with department heads on cost control, analyze business performance and profitability, support annual planning and budgeting cycles, and prepare monthly budget vs actual variance analysis. We are looking for 4+ years of experience and strong skills in SQL, financial modeling, Excel, budgeting, variance analysis, forecasting, financial reporting, and valuation. You should be a collaborative team player who thrives on ownership and impact.",medium,0.44,medium,70,76
"Talent Acquisition Manager with 12 years of experience based in Remote. B.S. in Computer Science. Previously at TechNova and Acme Corp, where I helped to drive engagement and retention initiatives, partner with leaders on org design and headcount planning, and lead full-cycle recruiting and onboarding. Core skills include recruiting, compensation, employee relations, onboarding, talent acquisition, HRIS, compliance, coaching, and benefits. Proven track record of delivering results in fast-paced environments and collaborating across teams to drive measurable impact.","BrightData is hiring a Investment Analyst (Seattle). In this role you will partner with department heads on cost control, prepare monthly budget vs actual variance analysis, support annual planning and budgeting cycles, and build financial models and forecasts. We are looking for 2+ years of experience and strong skills in accounting, GAAP, forecasting, valuation, and SQL. You should be a collaborative team player who thrives on ownership and impact.",low,0.32,low,77,69
"Senior Data Analyst with 11 years of experience based in London. M.S. in Data Science. Previously at Northwind and Globex, where I helped to identify trends and translate them into recommendations, support decision-making with clear data storytelling, and automate recurring reporting workflows. Core skills include ETL, Google Analytics, SQL, statistics, and data visualization. Proven track record of delivering results in fast-paced environments and collaborating across teams to drive measurable impact.","TechNova is hiring a Senior Data Scientist (Singapore). In this role you will translate business problems into data science solutions, clean, transform, and analyze large datasets, communicate findings to non-technical stakeholders, and develop predictive models and evaluate their performance. We are looking for 5+ years of experience and strong skills in PyTorch, TensorFlow, R, NLP, machine learning, data visualization, scikit-learn, and Python. You should be a collaborative team player who thrives on ownership and impact.",medium,0.43,medium,70,75
"Full Stack Developer with 6 years of experience based in Toronto. MBA. Previously at Globex and Umbrella Labs, where I helped to design and build scalable backend services, write clean, testable, well-documented code, and collaborate with cross-functional teams to ship features. Core skills include TypeScript, GraphQL, Docker, SQL, microservices, Git, React, and Kubernetes. Proven track record of delivering results in fast-paced environments and collaborating across teams to drive measurable impact.","BrightData is hiring a Platform Engineer (Toronto). In this role you will ensure security and scalability of platforms, reduce incident response time and toil, build and maintain CI/CD pipelines, and automate deployment and provisioning workflows. We are looking for 5+ years of experience and strong skills in Linux, Kubernetes, Python, Ansible, AWS, and Terraform. You should be a collaborative team player who thrives on ownership and impact.",medium,0.56,medium,70,67
"Product Designer with 6 years of experience based in Berlin. B.S. in Finance. Previously at Lumen and Ridgeline, where I helped to collaborate closely with product and engineering, advocate for accessible, user-centered design, and create wireframes, prototypes, and high-fidelity mockups. Core skills include prototyping, user research, design systems, accessibility, interaction design, and Adobe XD. Proven track record of delivering results in fast-paced environments and collaborating across teams to drive measurable impact.","Northwind is hiring a Senior UX Designer (Toronto). In this role you will advocate for accessible, user-centered design, conduct user research and usability testing, collaborate closely with product and engineering, and maintain and evolve the design system. We are looking for 3+ years of experience and strong skills in design systems, wireframing, user research, prototyping, Figma, Sketch, interaction design, and Adobe XD. You should be a collaborative team player who thrives on ownership and impact.",high,0.89,high,71,75
"Digital Marketing Manager with 15 years of experience based in San Francisco. MBA. Previously at Acme Corp and TechNova, where I helped to analyze campaign performance and report on KPIs, plan and execute multi-channel marketing campaigns, and grow organic traffic through SEO and content strategy. Core skills include HubSpot, brand strategy, paid ads, social media, content marketing, campaign management, email marketing, Google Analytics, and copywriting. Proven track record of delivering results in fast-paced environments and collaborating across teams to drive measurable impact.","Globex is hiring a HR Business Partner (Singapore). In this role you will partner with leaders on org design and headcount planning, manage employee relations and performance processes, drive engagement and retention initiatives, and lead full-cycle recruiting and onboarding. We are looking for 4+ years of experience and strong skills in recruiting, compensation, benefits, onboarding, compliance, talent acquisition, coaching, and employee relations. You should be a collaborative team player who thrives on ownership and impact.",medium,0.5,medium,82,75
"Data Scientist with 7 years of experience based in London. B.S. in Finance. Previously at Globex and Vertex Systems, where I helped to clean, transform, and analyze large datasets, communicate findings to non-technical stakeholders, and develop predictive models and evaluate their performance. Core skills include scikit-learn, NumPy, machine learning, NLP, data visualization, PyTorch, and statistics. Proven track record of delivering results in fast-paced environments and collaborating across teams to drive measurable impact.","Fathom is hiring a Software Engineer (Bangalore). In this role you will design and build scalable backend services, optimize application performance and reliability, collaborate with cross-functional teams to ship features, and develop and maintain RESTful APIs. We are looking for 5+ years of experience and strong skills in JavaScript, microservices, Kubernetes, React, GraphQL, TypeScript, and Python. You should be a collaborative team player who thrives on ownership and impact.",medium,0.41,medium,72,69
"Business Analyst with 4 years of experience based in Remote. B.S. in Business Administration. Previously at Vertex Systems and Northwind, where I helped to automate recurring reporting workflows, identify trends and translate them into recommendations, and maintain data quality and documentation. Core skills include Google Analytics, SQL, Tableau, dashboards, Power BI, Python, reporting, statistics, and data visualization. Proven track record of delivering results in fast-paced environments and collaborating across teams to drive measurable impact.","Acme Corp is hiring a Full Stack Developer (Singapore). In this role you will develop and maintain RESTful APIs, collaborate with cross-functional teams to ship features, design and build scalable backend services, and participate in code reviews and technical design discussions. We are looking for 2+ years of experience and strong skills in microservices, AWS, Java, Git, Python, GraphQL, SQL, and Docker. You should be a collaborative team player who thrives on ownership and impact.",low,0.21,low,74,75
"Product Manager with 14 years of experience based in Remote. M.S. in Data Science. Previously at Lumen and BrightData, where I helped to gather and synthesize customer and market feedback, own the product roadmap and prioritize the backlog, and define product requirements and success metrics. Core skills include stakeholder management, Scrum, go-to-market, analytics, A/B testing, wireframing, user research, and prioritization. Proven track record of delivering results in fast-paced environments and collaborating across teams to drive measurable impact.","Ridgeline is hiring a Growth Marketing Manager (Austin). In this role you will grow organic traffic through SEO and content strategy, analyze campaign performance and report on KPIs, plan and execute multi-channel marketing campaigns, and run email and social media marketing programs. We are looking for 3+ years of experience and strong skills in paid ads, Google Analytics, email marketing, brand strategy, HubSpot, copywriting, campaign management, social media, and SEO. You should be a collaborative team player who thrives on ownership and impact.",medium,0.67,medium,77,83
"HR Business Partner with 1 years of experience based in Toronto. B.S. in Finance. Previously at Initech and Umbrella Labs, where I helped to ensure HR policies and compliance are up to date, drive engagement and retention initiatives, and partner with leaders on org design and headcount planning. Core skills include performance management, talent acquisition, recruiting, compliance, employee relations, benefits, and onboarding. Proven track record of delivering results in fast-paced environments and collaborating across teams to drive measurable impact.","Vertex Systems is hiring a Talent Acquisition Manager (Remote). In this role you will lead full-cycle recruiting and onboarding, partner with leaders on org design and headcount planning, manage employee relations and performance processes, and drive engagement and retention initiatives. We are looking for 4+ years of experience and strong skills in compliance, talent acquisition, onboarding, HRIS, and recruiting. You should be a collaborative team player who thrives on ownership and impact.",high,0.76,high,79,72
"People Operations Manager with 7 years of experience based in New York. B.Eng. in Software Engineering. Previously at TechNova and Acme Corp, where I helped to lead full-cycle recruiting and onboarding, drive engagement and retention initiatives, and manage employee relations and performance processes. Core skills include talent acquisition, employee relations, performance management, coaching, onboarding, recruiting, HRIS, and benefits. Proven track record of delivering results in fast-paced environments and collaborating across teams to drive measurable impact.","Fathom is hiring a HR Business Partner (Bangalore). In this role you will own compensation and benefits administration, manage employee relations and performance processes, partner with leaders on org design and headcount planning, and drive engagement and retention initiatives. We are looking for 4+ years of experience and strong skills in compliance, employee relations, recruiting, coaching, and compensation. You should be a collaborative team player who thrives on ownership and impact.",high,0.93,high,75,71
"Machine Learning Engineer with 4 years of experience based in Bangalore. B.S. in Computer Science. Previously at BrightData and Initech, where I helped to run experiments and A/B tests to guide product decisions, translate business problems into data science solutions, and develop predictive models and evaluate their performance. Core skills include NLP, deep learning, data visualization, R, A/B testing, and statistics. Proven track record of delivering results in fast-paced environments and collaborating across teams to drive measurable impact.","Umbrella Labs is hiring a Regional Sales Manager (Bangalore). In this role you will negotiate and close deals with new clients, build and maintain a healthy sales pipeline, manage and grow a book of business, and exceed quarterly sales targets. We are looking for 4+ years of experience and strong skills in lead generation, cold outreach, forecasting, CRM, and B2B sales. You should be a collaborative team player who thrives on ownership and impact.",low,0.3,low,78,74
"Senior UX Designer with 11 years of experience based in Remote. B.A. in Economics. Previously at BrightData and Lumen, where I helped to collaborate closely with product and engineering, maintain and evolve the design system, and design intuitive user flows and interfaces. Core skills include Sketch, user research, accessibility, Figma, interaction design, and prototyping. Proven track record of delivering results in fast-paced environments and collaborating across teams to drive measurable impact.","Fathom is hiring a UX Designer (London). In this role you will design intuitive user flows and interfaces, advocate for accessible, user-centered design, collaborate closely with product and engineering, and conduct user research and usability testing. We are looking for 4+ years of experience and strong skills in user research, Sketch, wireframing, prototyping, Figma, Adobe XD, and accessibility. You should be a collaborative team player who thrives on ownership and impact.",high,0.89,high,71,71
"Cloud Engineer with 11 years of experience based in New York. B.A. in Marketing. Previously at Fathom and Nimbus, where I helped to manage cloud infrastructure with infrastructure-as-code, improve system reliability, monitoring, and alerting, and build and maintain CI/CD pipelines. Core skills include AWS, CI/CD, Docker, Linux, Ansible, Jenkins, Terraform, and Kubernetes. Proven track record of delivering results in fast-paced environments and collaborating across teams to drive measurable impact.","Northwind is hiring a Cloud Engineer (London). In this role you will reduce incident response time and toil, automate deployment and provisioning workflows, manage cloud infrastructure with infrastructure-as-code, and build and maintain CI/CD pipelines. We are looking for 5+ years of experience and strong skills in Python, Ansible, Jenkins, Linux, AWS, monitoring, Prometheus, and Docker. You should be a collaborative team player who thrives on ownership and impact.",high,0.87,high,69,68
"Product Designer with 1 years of experience based in London. B.A. in Marketing. Previously at Vertex Systems and Fathom, where I helped to design intuitive user flows and interfaces, collaborate closely with product and engineering, and maintain and evolve the design system. Core skills include usability testing, user research, interaction design, Sketch, Figma, and wireframing. Proven track record of delivering results in fast-paced environments and collaborating across teams to drive measurable impact.","BrightData is hiring a Senior Product Manager (New York). In this role you will work with engineering and design to deliver features, define product requirements and success metrics, gather and synthesize customer and market feedback, and analyze usage data to inform product decisions. We are looking for 2+ years of experience and strong skills in A/B testing, analytics, Agile, wireframing, roadmap planning, prioritization, and Scrum. You should be a collaborative team player who thrives on ownership and impact.",medium,0.42,medium,72,78
"Associate Product Manager with 8 years of experience based in Berlin. B.Eng. in Software Engineering. Previously at Kestrel and Fathom, where I helped to align stakeholders around a product vision, work with engineering and design to deliver features, and define product requirements and success metrics. Core skills include stakeholder management, A/B testing, roadmap planning, SQL, Scrum, user research, wireframing, analytics, and go-to-market. Proven track record of delivering results in fast-paced environments and collaborating across teams to drive measurable impact.","Globex is hiring a Financial Analyst (Remote). In this role you will support annual planning and budgeting cycles, analyze business performance and profitability, produce management reporting and dashboards, and partner with department heads on cost control. We are looking for 3+ years of experience and strong skills in financial reporting, forecasting, GAAP, SQL, financial modeling, valuation, Power BI, and Excel. You should be a collaborative team player who thrives on ownership and impact.",medium,0.54,medium,79,73
"Applied Scientist with 7 years of experience based in Remote. B.A. in Marketing. Previously at Cobalt and Lumen, where I helped to communicate findings to non-technical stakeholders, develop predictive models and evaluate their performance, and translate business problems into data science solutions. Core skills include NLP, machine learning, pandas, NumPy, TensorFlow, and data visualization. Proven track record of delivering results in fast-paced environments and collaborating across teams to drive measurable impact.","Initech is hiring a Machine Learning Engineer (Remote). In this role you will build and deploy machine learning models to production, develop predictive models and evaluate their performance, clean, transform, and analyze large datasets, and translate business problems into data science solutions. We are looking for 4+ years of experience and strong skills in PyTorch, NLP, statistics, SQL, and scikit-learn. You should be a collaborative team player who thrives on ownership and impact.",high,0.06,high,71,73
"Content Marketing Manager with 11 years of experience based in Seattle. B.A. in Marketing. Previously at Lumen and Initech, where I helped to manage paid advertising budgets and optimize ROI, run email and social media marketing programs, and plan and execute multi-channel marketing campaigns. Core skills include brand strategy, campaign management, social media, HubSpot, copywriting, SEO, and content marketing. Proven track record of delivering results in fast-paced environments and collaborating across teams to drive measurable impact.","Cobalt is hiring a HR Business Partner (New York). In this role you will partner with leaders on org design and headcount planning, ensure HR policies and compliance are up to date, manage employee relations and performance processes, and own compensation and benefits administration. We are looking for 3+ years of experience and strong skills in recruiting, coaching, compliance, performance management, employee relations, talent acquisition, and compensation. You should be a collaborative team player who thrives on ownership and impact.",medium,0.42,medium,76,80
"Software Engineer with 4 years of experience based in San Francisco. B.S. in Computer Science. Previously at Ridgeline and BrightData, where I helped to develop and maintain RESTful APIs, write clean, testable, well-documented code, and collaborate with cross-functional teams to ship features. Core skills include Java, Kubernetes, Git, REST APIs, Python, Node.js, JavaScript, and GraphQL. Proven track record of delivering results in fast-paced environments and collaborating across teams to drive measurable impact.","Globex is hiring a Associate Product Manager (Seattle). In this role you will define product requirements and success metrics, work with engineering and design to deliver features, analyze usage data to inform product decisions, and align stakeholders around a product vision. We are looking for 2+ years of experience and strong skills in analytics, Agile, user research, stakeholder management, A/B testing, and roadmap planning. You should be a collaborative team player who thrives on ownership and impact.",low,0.2,low,72,77
"Senior Data Analyst with 13 years of experience based in Berlin. MBA. Previously at Globex and Northwind, where I helped to automate recurring reporting workflows, build dashboards and reports for business stakeholders, and support decision-making with clear data storytelling. Core skills include dashboards, statistics, ETL, Tableau, and Power BI. Proven track record of delivering results in fast-paced environments and collaborating across teams to drive measurable impact.","Kestrel is hiring a BI Analyst (Seattle). In this role you will automate recurring reporting workflows, maintain data quality and documentation, build dashboards and reports for business stakeholders, and support decision-making with clear data storytelling. We are looking for 3+ years of experience and strong skills in dashboards, Power BI, SQL, Python, and ETL. You should be a collaborative team player who thrives on ownership and impact.",high,0.75,high,66,67
"DevOps Engineer with 3 years of experience based in Austin. B.Eng. in Software Engineering. Previously at Sonder and Globex, where I helped to manage cloud infrastructure with infrastructure-as-code, ensure security and scalability of platforms, and improve system reliability, monitoring, and alerting. Core skills include Kubernetes, Ansible, Docker, monitoring, AWS, and Terraform. Proven track record of delivering results in fast-paced environments and collaborating across teams to drive measurable impact.","TechNova is hiring a DevOps Engineer (Berlin). In this role you will reduce incident response time and toil, ensure security and scalability of platforms, improve system reliability, monitoring, and alerting, and manage cloud infrastructure with infrastructure-as-code. We are looking for 4+ years of experience and strong skills in Linux, Kubernetes, AWS, Prometheus, Jenkins, CI/CD, and Python. You should be a collaborative team player who thrives on ownership and impact.",high,0.79,high,68,69
"Sales Manager with 11 years of experience based in Berlin. B.A. in Economics. Previously at Nimbus and Ridgeline, where I helped to forecast revenue and report on sales metrics, manage and grow a book of business, and negotiate and close deals with new clients. Core skills include lead generation, B2B sales, Salesforce, forecasting, closing, cold outreach, account management, and pipeline management. Proven track record of delivering results in fast-paced environments and collaborating across teams to drive measurable impact.","BrightData is hiring a People Operations Manager (Bangalore). In this role you will lead full-cycle recruiting and onboarding, own compensation and benefits administration, drive engagement and retention initiatives, and manage employee relations and performance processes. We are looking for 5+ years of experience and strong skills in talent acquisition, compensation, onboarding, performance management, recruiting, and benefits. You should be a collaborative team player who thrives on ownership and impact.",medium,0.52,medium,78,69
"Full Stack Developer with 14 years of experience based in Austin. B.S. in Computer Science. Previously at Nimbus and BrightData, where I helped to collaborate with cross-functional teams to ship features, participate in code reviews and technical design discussions, and write clean, testable, well-documented code. Core skills include REST APIs, CI/CD, AWS, Docker, Java, TypeScript, and Python. Proven track record of delivering results in fast-paced environments and collaborating across teams to drive measurable impact.","Ridgeline is hiring a Full Stack Developer (Toronto). In this role you will write clean, testable, well-documented code, participate in code reviews and technical design discussions, optimize application performance and reliability, and develop and maintain RESTful APIs. We are looking for 5+ years of experience and strong skills in AWS, TypeScript, GraphQL, JavaScript, and Java. You should be a collaborative team player who thrives on ownership and impact.",high,0.77,high,74,68
"Software Engineer with 14 years of experience based in Bangalore. B.A. in Marketing. Previously at Umbrella Labs and Fathom, where I helped to optimize application performance and reliability, develop and maintain RESTful APIs, and participate in code reviews and technical design discussions. Core skills include Docker, microservices, Git, GraphQL, CI/CD, and AWS. Proven track record of delivering results in fast-paced environments and collaborating across teams to drive measurable impact.","Cobalt is hiring a Applied Scientist (San Francisco). In this role you will run experiments and A/B tests to guide product decisions, translate business problems into data science solutions, communicate findings to non-technical stakeholders, and build and deploy machine learning models to production. We are looking for 2+ years of experience and strong skills in TensorFlow, NumPy, statistics, SQL, data visualization, and machine learning. You should be a collaborative team player who thrives on ownership and impact.",medium,0.47,medium,69,77
"Site Reliability Engineer with 15 years of experience based in Austin. B.S. in Business Administration. Previously at Sonder and Vertex Systems, where I helped to ensure security and scalability of platforms, manage cloud infrastructure with infrastructure-as-code, and reduce incident response time and toil. Core skills include Terraform, Prometheus, monitoring, Docker, and CI/CD. Proven track record of delivering results in fast-paced environments and collaborating across teams to drive measurable impact.","Acme Corp is hiring a DevOps Engineer (Bangalore). In this role you will reduce incident response time and toil, build and maintain CI/CD pipelines, improve system reliability, monitoring, and alerting, and automate deployment and provisioning workflows. We are looking for 5+ years of experience and strong skills in Kubernetes, Docker, GitOps, CI/CD, Terraform, Ansible, Jenkins, Python, and Prometheus. You should be a collaborative team player who thrives on ownership and impact.",high,0.78,high,69,71
"Product Manager with 4 years of experience based in Singapore. B.S. in Statistics. Previously at BrightData and Northwind, where I helped to analyze usage data to inform product decisions, own the product roadmap and prioritize the backlog, and define product requirements and success metrics. Core skills include analytics, go-to-market, Agile, wireframing, and prioritization. Proven track record of delivering results in fast-paced environments and collaborating across teams to drive measurable impact.","Vertex Systems is hiring a BI Analyst (Berlin). In this role you will build dashboards and reports for business stakeholders, automate recurring reporting workflows, support decision-making with clear data storytelling, and write SQL queries to extract and analyze data. We are looking for 3+ years of experience and strong skills in data visualization, reporting, dashboards, Tableau, Python, and ETL. You should be a collaborative team player who thrives on ownership and impact.",low,0.26,low,70,72
"Talent Acquisition Manager with 8 years of experience based in Berlin. B.S. in Computer Science. Previously at Northwind and Nimbus, where I helped to manage employee relations and performance processes, partner with leaders on org design and headcount planning, and drive engagement and retention initiatives. Core skills include onboarding, compensation, recruiting, coaching, HRIS, and employee relations. Proven track record of delivering results in fast-paced environments and collaborating across teams to drive measurable impact.","Cobalt is hiring a HR Manager (Austin). In this role you will lead full-cycle recruiting and onboarding, own compensation and benefits administration, ensure HR policies and compliance are up to date, and drive engagement and retention initiatives. We are looking for 2+ years of experience and strong skills in HRIS, performance management, compensation, talent acquisition, coaching, and recruiting. You should be a collaborative team player who thrives on ownership and impact.",high,0.77,high,73,71
"Marketing Manager with 8 years of experience based in Toronto. M.S. in Data Science. Previously at Nimbus and Ridgeline, where I helped to plan and execute multi-channel marketing campaigns, run email and social media marketing programs, and manage paid advertising budgets and optimize ROI. Core skills include Google Analytics, copywriting, SEO, HubSpot, paid ads, and content marketing. Proven track record of delivering results in fast-paced environments and collaborating across teams to drive measurable impact.","Kestrel is hiring a Marketing Manager (Austin). In this role you will manage paid advertising budgets and optimize ROI, analyze campaign performance and report on KPIs, develop brand messaging and positioning, and run email and social media marketing programs. We are looking for 3+ years of experience and strong skills in copywriting, brand strategy, campaign management, paid ads, and social media. You should be a collaborative team player who thrives on ownership and impact.",high,0.78,high,74,74
"Associate Product Manager with 13 years of experience based in New York. B.S. in Statistics. Previously at Vertex Systems and Kestrel, where I helped to align stakeholders around a product vision, gather and synthesize customer and market feedback, and define product requirements and success metrics. Core skills include A/B testing, go-to-market, roadmap planning, Agile, analytics, Scrum, and wireframing. Proven track record of delivering results in fast-paced environments and collaborating across teams to drive measurable impact.","Globex is hiring a Group Product Manager (London). In this role you will work with engineering and design to deliver features, align stakeholders around a product vision, analyze usage data to inform product decisions, and define product requirements and success metrics. We are looking for 2+ years of experience and strong skills in SQL, user research, Scrum, stakeholder management, roadmap planning, analytics, and wireframing. You should be a collaborative team player who thrives on ownership and impact.",high,0.87,high,75,77
"Site Reliability Engineer with 2 years of experience based in Seattle. B.A. in Marketing. Previously at Nimbus and Fathom, where I helped to manage cloud infrastructure with infrastructure-as-code, improve system reliability, monitoring, and alerting, and ensure security and scalability of platforms. Core skills include AWS, monitoring, Jenkins, Prometheus, Python, Terraform, and Kubernetes. Proven track record of delivering results in fast-paced environments and collaborating across teams to drive measurable impact.","Nimbus is hiring a Site Reliability Engineer (Bangalore). In this role you will ensure security and scalability of platforms, manage cloud infrastructure with infrastructure-as-code, improve system reliability, monitoring, and alerting, and reduce incident response time and toil. We are looking for 4+ years of experience and strong skills in Jenkins, Kubernetes, monitoring, GitOps, CI/CD, Ansible, Python, and Terraform. You should be a collaborative team player who thrives on ownership and impact.",high,0.87,high,69,71
"Product Designer with 11 years of experience based in San Francisco. M.S. in Data Science. Previously at Acme Corp and Northwind, where I helped to advocate for accessible, user-centered design, collaborate closely with product and engineering, and conduct user research and usability testing. Core skills include Sketch, user research, design systems, prototyping, Figma, Adobe XD, and accessibility. Proven track record of delivering results in fast-paced environments and collaborating across teams to drive measurable impact.","Umbrella Labs is hiring a UX/UI Designer (New York). In this role you will create wireframes, prototypes, and high-fidelity mockups, design intuitive user flows and interfaces, advocate for accessible, user-centered design, and maintain and evolve the design system. We are looking for 2+ years of experience and strong skills in user research, accessibility, usability testing, prototyping, interaction design, Sketch, Figma, and design systems. You should be a collaborative team player who thrives on ownership and impact.",high,0.93,high,74,76
"Regional Sales Manager with 2 years of experience based in Toronto. B.S. in Computer Science. Previously at TechNova and Ridgeline, where I helped to build and maintain a healthy sales pipeline, exceed quarterly sales targets, and forecast revenue and report on sales metrics. Core skills include Salesforce, forecasting, pipeline management, lead generation, account management, cold outreach, CRM, and B2B sales. Proven track record of delivering results in fast-paced environments and collaborating across teams to drive measurable impact.","Northwind is hiring a Sales Manager (Austin). In this role you will forecast revenue and report on sales metrics, exceed quarterly sales targets, negotiate and close deals with new clients, and build and maintain a healthy sales pipeline. We are looking for 3+ years of experience and strong skills in account management, pipeline management, B2B sales, cold outreach, and forecasting. You should be a collaborative team player who thrives on ownership and impact.",high,0.93,high,77,73
"Machine Learning Engineer with 14 years of experience based in Remote. M.S. in Human-Computer Interaction. Previously at TechNova and Ridgeline, where I helped to clean, transform, and analyze large datasets, develop predictive models and evaluate their performance, and build and deploy machine learning models to production. Core skills include NumPy, machine learning, pandas, data visualization, NLP, and A/B testing. Proven track record of delivering results in fast-paced environments and collaborating across teams to drive measurable impact.","Globex is hiring a Site Reliability Engineer (Berlin). In this role you will build and maintain CI/CD pipelines, ensure security and scalability of platforms, manage cloud infrastructure with infrastructure-as-code, and reduce incident response time and toil. We are looking for 4+ years of experience and strong skills in Jenkins, Docker, Python, monitoring, Prometheus, AWS, Kubernetes, CI/CD, and GitOps. You should be a collaborative team player who thrives on ownership and impact.",medium,0.5,medium,76,71
"Talent Acquisition Manager with 12 years of experience based in Singapore. B.A. in Marketing. Previously at Fathom and Northwind, where I helped to own compensation and benefits administration, manage employee relations and performance processes, and drive engagement and retention initiatives. Core skills include benefits, employee relations, performance management, compensation, HRIS, coaching, recruiting, onboarding, and talent acquisition. Proven track record of delivering results in fast-paced environments and collaborating across teams to drive measurable impact.","BrightData is hiring a Content Marketing Manager (Berlin). In this role you will run email and social media marketing programs, manage paid advertising budgets and optimize ROI, grow organic traffic through SEO and content strategy, and plan and execute multi-channel marketing campaigns. We are looking for 3+ years of experience and strong skills in HubSpot, SEO, Google Analytics, social media, content marketing, email marketing, paid ads, and brand strategy. You should be a collaborative team player who thrives on ownership and impact.",low,0.34,low,73,82
"Regional Sales Manager with 5 years of experience based in Singapore. B.S. in Statistics. Previously at Acme Corp and Lumen, where I helped to build and maintain a healthy sales pipeline, develop relationships with key accounts, and exceed quarterly sales targets. Core skills include forecasting, cold outreach, closing, CRM, Salesforce, B2B sales, and account management. Proven track record of delivering results in fast-paced environments and collaborating across teams to drive measurable impact.","Northwind is hiring a Product Manager (Singapore). In this role you will define product requirements and success metrics, own the product roadmap and prioritize the backlog, gather and synthesize customer and market feedback, and work with engineering and design to deliver features. We are looking for 5+ years of experience and strong skills in SQL, roadmap planning, Scrum, stakeholder management, and go-to-market. You should be a collaborative team player who thrives on ownership and impact.",low,0.1,low,72,75
"Site Reliability Engineer with 12 years of experience based in Seattle. B.S. in Statistics. Previously at TechNova and BrightData, where I helped to manage cloud infrastructure with infrastructure-as-code, automate deployment and provisioning workflows, and ensure security and scalability of platforms. Core skills include Jenkins, Kubernetes, CI/CD, Terraform, Linux, Docker, Python, and AWS. Proven track record of delivering results in fast-paced environments and collaborating across teams to drive measurable impact.","BrightData is hiring a Senior Data Analyst (Toronto). In this role you will identify trends and translate them into recommendations, build dashboards and reports for business stakeholders, automate recurring reporting workflows, and maintain data quality and documentation. We are looking for 2+ years of experience and strong skills in Google Analytics, reporting, Tableau, Power BI, Python, and data visualization. You should be a collaborative team player who thrives on ownership and impact.",low,0.24,low,69,72
"Senior Data Scientist with 14 years of experience based in Toronto. M.S. in Human-Computer Interaction. Previously at Globex and Initech, where I helped to communicate findings to non-technical stakeholders, translate business problems into data science solutions, and build and deploy machine learning models to production. Core skills include pandas, machine learning, data visualization, NumPy, NLP, A/B testing, statistics, PyTorch, and SQL. Proven track record of delivering results in fast-paced environments and collaborating across teams to drive measurable impact.","Sonder is hiring a Platform Engineer (San Francisco). In this role you will ensure security and scalability of platforms, manage cloud infrastructure with infrastructure-as-code, improve system reliability, monitoring, and alerting, and reduce incident response time and toil. We are looking for 5+ years of experience and strong skills in Jenkins, monitoring, CI/CD, Kubernetes, Python, AWS, and Prometheus. You should be a collaborative team player who thrives on ownership and impact.",medium,0.47,medium,78,70
"DevOps Engineer with 5 years of experience based in Austin. B.S. in Business Administration. Previously at Acme Corp and Kestrel, where I helped to automate deployment and provisioning workflows, ensure security and scalability of platforms, and reduce incident response time and toil. Core skills include Terraform, Prometheus, Python, AWS, and CI/CD. Proven track record of delivering results in fast-paced environments and collaborating across teams to drive measurable impact.","Nimbus is hiring a FP&A Analyst (Austin). In this role you will produce management reporting and dashboards, support annual planning and budgeting cycles, analyze business performance and profitability, and partner with department heads on cost control. We are looking for 2+ years of experience and strong skills in GAAP, financial reporting, SQL, Excel, forecasting, and valuation. You should be a collaborative team player who thrives on ownership and impact.",low,0.11,low,68,69
"Marketing Manager with 4 years of experience based in Seattle. MBA. Previously at Vertex Systems and Initech, where I helped to develop brand messaging and positioning, run email and social media marketing programs, and plan and execute multi-channel marketing campaigns. Core skills include paid ads, brand strategy, content marketing, campaign management, and social media. Proven track record of delivering results in fast-paced environments and collaborating across teams to drive measurable impact.","Northwind is hiring a Growth Marketing Manager (Toronto). In this role you will manage paid advertising budgets and optimize ROI, run email and social media marketing programs, analyze campaign performance and report on KPIs, and develop brand messaging and positioning. We are looking for 2+ years of experience and strong skills in Google Analytics, copywriting, email marketing, social media, HubSpot, SEO, brand strategy, and content marketing. You should be a collaborative team player who thrives on ownership and impact.",high,0.79,high,71,79
"Associate Product Manager with 1 years of experience based in Singapore. B.A. in Economics. Previously at TechNova and BrightData, where I helped to align stakeholders around a product vision, own the product roadmap and prioritize the backlog, and analyze usage data to inform product decisions. Core skills include prioritization, wireframing, go-to-market, roadmap planning, Agile, analytics, stakeholder management, A/B testing, and Scrum. Proven track record of delivering results in fast-paced environments and collaborating across teams to drive measurable impact.","Ridgeline is hiring a Digital Marketing Manager (Berlin). In this role you will run email and social media marketing programs, plan and execute multi-channel marketing campaigns, grow organic traffic through SEO and content strategy, and develop brand messaging and positioning. We are looking for 5+ years of experience and strong skills in copywriting, content marketing, social media, campaign management, email marketing, and brand strategy. You should be a collaborative team player who thrives on ownership and impact.",medium,0.5,medium,78,77
"Software Engineer with 13 years of experience based in San Francisco. M.S. in Human-Computer Interaction. Previously at Vertex Systems and Initech, where I helped to optimize application performance and reliability, participate in code reviews and technical design discussions, and write clean, testable, well-documented code. Core skills include JavaScript, TypeScript, CI/CD, React, Java, GraphQL, Python, and microservices. Proven track record of delivering results in fast-paced environments and collaborating across teams to drive measurable impact.","Acme Corp is hiring a Senior Software Engineer (Singapore). In this role you will design and build scalable backend services, optimize application performance and reliability, collaborate with cross-functional teams to ship features, and write clean, testable, well-documented code. We are looking for 4+ years of experience and strong skills in Python, SQL, TypeScript, Docker, and GraphQL. You should be a collaborative team player who thrives on ownership and impact.",high,0.9,high,73,69
"DevOps Engineer with 12 years of experience based in Bangalore. M.S. in Human-Computer Interaction. Previously at Acme Corp and Fathom, where I helped to ensure security and scalability of platforms, build and maintain CI/CD pipelines, and reduce incident response time and toil. Core skills include Kubernetes, monitoring, Docker, Python, Ansible, and Terraform. Proven track record of delivering results in fast-paced environments and collaborating across teams to drive measurable impact.","Cobalt is hiring a Growth Marketing Manager (Berlin). In this role you will grow organic traffic through SEO and content strategy, develop brand messaging and positioning, run email and social media marketing programs, and plan and execute multi-channel marketing campaigns. We are looking for 2+ years of experience and strong skills in Google Analytics, content marketing, copywriting, HubSpot, paid ads, email marketing, brand strategy, campaign management, and SEO. You should be a collaborative team player who thrives on ownership and impact.",low,0.35,low,69,81
"Associate Product Manager with 14 years of experience based in San Francisco. B.S. in Statistics. Previously at Umbrella Labs and Initech, where I helped to analyze usage data to inform product decisions, gather and synthesize customer and market feedback, and align stakeholders around a product vision. Core skills include go-to-market, roadmap planning, analytics, A/B testing, SQL, Scrum, and Agile. Proven track record of delivering results in fast-paced environments and collaborating across teams to drive measurable impact.","Cobalt is hiring a Backend Engineer (Bangalore). In this role you will develop and maintain RESTful APIs, design and build scalable backend services, collaborate with cross-functional teams to ship features, and optimize application performance and reliability. We are looking for 5+ years of experience and strong skills in Git, Java, microservices, TypeScript, Node.js, REST APIs, and AWS. You should be a collaborative team player who thrives on ownership and impact.",low,0.12,low,76,70
"Senior Software Engineer with 8 years of experience based in San Francisco. B.S. in Business Administration. Previously at Vertex Systems and Globex, where I helped to design and build scalable backend services, collaborate with cross-functional teams to ship features, and participate in code reviews and technical design discussions. Core skills include Git, TypeScript, Java, SQL, Python, React, and GraphQL. Proven track record of delivering results in fast-paced environments and collaborating across teams to drive measurable impact.","Umbrella Labs is hiring a Business Analyst (Austin). In this role you will maintain data quality and documentation, write SQL queries to extract and analyze data, support decision-making with clear data storytelling, and identify trends and translate them into recommendations. We are looking for 4+ years of experience and strong skills in SQL, Power BI, Tableau, statistics, Google Analytics, dashboards, and Excel. You should be a collaborative team player who thrives on ownership and impact.",low,0.07,low,76,75
"Content Marketing Manager with 7 years of experience based in London. M.S. in Data Science. Previously at BrightData and Globex, where I helped to manage paid advertising budgets and optimize ROI, analyze campaign performance and report on KPIs, and grow organic traffic through SEO and content strategy. Core skills include paid ads, social media, Google Analytics, email marketing, and HubSpot. Proven track record of delivering results in fast-paced environments and collaborating across teams to drive measurable impact.","Lumen is hiring a Marketing Manager (Seattle). In this role you will manage paid advertising budgets and optimize ROI, run email and social media marketing programs, grow organic traffic through SEO and content strategy, and develop brand messaging and positioning. We are looking for 5+ years of experience and strong skills in copywriting, campaign management, HubSpot, Google Analytics, social media, and SEO. You should be a collaborative team player who thrives on ownership and impact.",high,0.92,high,77,75
"Cloud Engineer with 12 years of experience based in Seattle. B.S. in Business Administration. Previously at Kestrel and Lumen, where I helped to automate deployment and provisioning workflows, improve system reliability, monitoring, and alerting, and build and maintain CI/CD pipelines. Core skills include Docker, monitoring, Terraform, GitOps, and Jenkins. Proven track record of delivering results in fast-paced environments and collaborating across teams to drive measurable impact.","Kestrel is hiring a Senior Data Scientist (Remote). In this role you will communicate findings to non-technical stakeholders, clean, transform, and analyze large datasets, build and deploy machine learning models to production, and run experiments and A/B tests to guide product decisions. We are looking for 4+ years of experience and strong skills in pandas, TensorFlow, SQL, NumPy, statistics, scikit-learn, machine learning, and data visualization. You should be a collaborative team player who thrives on ownership and impact.",low,0.16,low,66,78
"Backend Engineer with 1 years of experience based in New York. B.S. in Business Administration. Previously at Lumen and Globex, where I helped to design and build scalable backend services, participate in code reviews and technical design discussions, and develop and maintain RESTful APIs. Core skills include React, TypeScript, Docker, AWS, CI/CD, and Java. Proven track record of delivering results in fast-paced environments and collaborating across teams to drive measurable impact.","Nimbus is hiring a Senior Software Engineer (Bangalore). In this role you will write clean, testable, well-documented code, design and build scalable backend services, develop and maintain RESTful APIs, and collaborate with cross-functional teams to ship features. We are looking for 5+ years of experience and strong skills in Java, TypeScript, REST APIs, AWS, GraphQL, and Python. You should be a collaborative team player who thrives on ownership and impact.",high,0.88,high,71,70
"Financial Analyst with 1 years of experience based in Remote. B.S. in Business Administration. Previously at TechNova and Cobalt, where I helped to produce management reporting and dashboards, build financial models and forecasts, and prepare monthly budget vs actual variance analysis. Core skills include SQL, variance analysis, GAAP, valuation, financial modeling, budgeting, financial reporting, Excel, and accounting. Proven track record of delivering results in fast-paced environments and collaborating across teams to drive measurable impact.","Fathom is hiring a Financial Analyst (New York). In this role you will produce management reporting and dashboards, prepare monthly budget vs actual variance analysis, support annual planning and budgeting cycles, and analyze business performance and profitability. We are looking for 4+ years of experience and strong skills in Excel, financial reporting, variance analysis, accounting, valuation, Power BI, GAAP, SQL, and forecasting. You should be a collaborative team player who thrives on ownership and impact.",high,0.87,high,74,75
"Senior Financial Analyst with 9 years of experience based in Berlin. B.S. in Computer Science. Previously at Kestrel and Cobalt, where I helped to build financial models and forecasts, support annual planning and budgeting cycles, and partner with department heads on cost control. Core skills include accounting, budgeting, financial reporting, variance analysis, SQL, valuation, and GAAP. Proven track record of delivering results in fast-paced environments and collaborating across teams to drive measurable impact.","BrightData is hiring a Platform Engineer (Seattle). In this role you will reduce incident response time and toil, manage cloud infrastructure with infrastructure-as-code, improve system reliability, monitoring, and alerting, and ensure security and scalability of platforms. We are looking for 5+ years of experience and strong skills in CI/CD, Prometheus, Python, Kubernetes, Jenkins, AWS, and GitOps. You should be a collaborative team player who thrives on ownership and impact.",low,0.25,low,73,69
"Platform Engineer with 1 years of experience based in Berlin. B.A. in Marketing. Previously at Acme Corp and Fathom, where I helped to manage cloud infrastructure with infrastructure-as-code, build and maintain CI/CD pipelines, and reduce incident response time and toil. Core skills include Terraform, Jenkins, GitOps, Python, Docker, and AWS. Proven track record of delivering results in fast-paced environments and collaborating across teams to drive measurable impact.","Fathom is hiring a Software Engineer (Singapore). In this role you will collaborate with cross-functional teams to ship features, participate in code reviews and technical design discussions, develop and maintain RESTful APIs, and optimize application performance and reliability. We are looking for 3+ years of experience and strong skills in microservices, JavaScript, Python, Docker, SQL, and Java. You should be a collaborative team player who thrives on ownership and impact.",medium,0.67,medium,67,70
"HR Business Partner with 10 years of experience based in Toronto. B.S. in Statistics. Previously at Umbrella Labs and Fathom, where I helped to ensure HR policies and compliance are up to date, lead full-cycle recruiting and onboarding, and drive engagement and retention initiatives. Core skills include compliance, performance management, HRIS, recruiting, benefits, and coaching. Proven track record of delivering results in fast-paced environments and collaborating across teams to drive measurable impact.","Nimbus is hiring a HR Manager (New York). In this role you will own compensation and benefits administration, partner with leaders on org design and headcount planning, manage employee relations and performance processes, and drive engagement and retention initiatives. We are looking for 3+ years of experience and strong skills in compensation, talent acquisition, HRIS, benefits, performance management, onboarding, compliance, and recruiting. You should be a collaborative team player who thrives on ownership and impact.",high,0.76,high,72,75
"Senior Software Engineer with 5 years of experience based in Singapore. M.S. in Human-Computer Interaction. Previously at Nimbus and Acme Corp, where I helped to write clean, testable, well-documented code, participate in code reviews and technical design discussions, and design and build scalable backend services. Core skills include Python, Kubernetes, Java, AWS, Node.js, microservices, REST APIs, Docker, and TypeScript. Proven track record of delivering results in fast-paced environments and collaborating across teams to drive measurable impact.","Cobalt is hiring a Product Designer (Seattle). In this role you will create wireframes, prototypes, and high-fidelity mockups, maintain and evolve the design system, collaborate closely with product and engineering, and design intuitive user flows and interfaces. We are looking for 2+ years of experience and strong skills in design systems, interaction design, accessibility, Sketch, Figma, user research, wireframing, prototyping, and Adobe XD. You should be a collaborative team player who thrives on ownership and impact.",medium,0.55,medium,76,76
"Group Product Manager with 15 years of experience based in Bangalore. M.S. in Data Science. Previously at Cobalt and BrightData, where I helped to align stakeholders around a product vision, own the product roadmap and prioritize the backlog, and work with engineering and design to deliver features. Core skills include Scrum, Agile, prioritization, wireframing, roadmap planning, A/B testing, and analytics. Proven track record of delivering results in fast-paced environments and collaborating across teams to drive measurable impact.","Acme Corp is hiring a Content Marketing Manager (London). In this role you will plan and execute multi-channel marketing campaigns, manage paid advertising budgets and optimize ROI, analyze campaign performance and report on KPIs, and run email and social media marketing programs. We are looking for 5+ years of experience and strong skills in brand strategy, paid ads, campaign management, HubSpot, SEO, email marketing, Google Analytics, social media, and content marketing. You should be a collaborative team player who thrives on ownership and impact.",medium,0.58,medium,77,84
"Senior UX Designer with 12 years of experience based in Remote. B.A. in Economics. Previously at Ridgeline and Globex, where I helped to collaborate closely with product and engineering, maintain and evolve the design system, and advocate for accessible, user-centered design. Core skills include Sketch, usability testing, interaction design, user research, accessibility, Adobe XD, and design systems. Proven track record of delivering results in fast-paced environments and collaborating across teams to drive measurable impact.","Globex is hiring a Product Designer (Singapore). In this role you will conduct user research and usability testing, collaborate closely with product and engineering, create wireframes, prototypes, and high-fidelity mockups, and advocate for accessible, user-centered design. We are looking for 4+ years of experience and strong skills in wireframing, interaction design, Figma, user research, prototyping, and design systems. You should be a collaborative team player who thrives on ownership and impact.",high,0.8,high,74,71
"Senior Data Analyst with 5 years of experience based in Berlin. B.S. in Computer Science. Previously at Northwind and Nimbus, where I helped to write SQL queries to extract and analyze data, build dashboards and reports for business stakeholders, and automate recurring reporting workflows. Core skills include Excel, Google Analytics, Tableau, Python, statistics, data visualization, and reporting. Proven track record of delivering results in fast-paced environments and collaborating across teams to drive measurable impact.","TechNova is hiring a Associate Product Manager (Austin). In this role you will work with engineering and design to deliver features, align stakeholders around a product vision, gather and synthesize customer and market feedback, and own the product roadmap and prioritize the backlog. We are looking for 5+ years of experience and strong skills in prioritization, roadmap planning, user research, SQL, A/B testing, stakeholder management, go-to-market, and Scrum. You should be a collaborative team player who thrives on ownership and impact.",medium,0.41,medium,74,81
"Investment Analyst with 6 years of experience based in Singapore. B.Eng. in Software Engineering. Previously at Lumen and Umbrella Labs, where I helped to partner with department heads on cost control, support annual planning and budgeting cycles, and analyze business performance and profitability. Core skills include GAAP, SQL, valuation, forecasting, Excel, financial modeling, accounting, and financial reporting. Proven track record of delivering results in fast-paced environments and collaborating across teams to drive measurable impact.","Sonder is hiring a Business Analyst (Singapore). In this role you will maintain data quality and documentation, automate recurring reporting workflows, write SQL queries to extract and analyze data, and build dashboards and reports for business stakeholders. We are looking for 3+ years of experience and strong skills in reporting, Python, data visualization, ETL, Tableau, and SQL. You should be a collaborative team player who thrives on ownership and impact.",medium,0.61,medium,74,70
"Applied Scientist with 8 years of experience based in Singapore. B.S. in Finance. Previously at TechNova and Lumen, where I helped to run experiments and A/B tests to guide product decisions, develop predictive models and evaluate their performance, and communicate findings to non-technical stakeholders. Core skills include A/B testing, data visualization, R, NumPy, TensorFlow, Python, statistics, and SQL. Proven track record of delivering results in fast-paced environments and collaborating across teams to drive measurable impact.","BrightData is hiring a Senior Software Engineer (Singapore). In this role you will collaborate with cross-functional teams to ship features, design and build scalable backend services, write clean, testable, well-documented code, and develop and maintain RESTful APIs. We are looking for 3+ years of experience and strong skills in CI/CD, GraphQL, Java, AWS, and SQL. You should be a collaborative team player who thrives on ownership and impact.",medium,0.67,medium,75,68
"HR Business Partner with 13 years of experience based in Singapore. B.Eng. in Software Engineering. Previously at Initech and Fathom, where I helped to lead full-cycle recruiting and onboarding, partner with leaders on org design and headcount planning, and drive engagement and retention initiatives. Core skills include onboarding, compliance, talent acquisition, compensation, employee relations, and benefits. Proven track record of delivering results in fast-paced environments and collaborating across teams to drive measurable impact.","Nimbus is hiring a Digital Marketing Manager (Seattle). In this role you will plan and execute multi-channel marketing campaigns, grow organic traffic through SEO and content strategy, analyze campaign performance and report on KPIs, and develop brand messaging and positioning. We are looking for 2+ years of experience and strong skills in Google Analytics, social media, content marketing, paid ads, copywriting, HubSpot, email marketing, and brand strategy. You should be a collaborative team player who thrives on ownership and impact.",low,0.14,low,73,80
"Data Scientist with 3 years of experience based in Berlin. M.S. in Data Science. Previously at Lumen and Umbrella Labs, where I helped to communicate findings to non-technical stakeholders, build and deploy machine learning models to production, and translate business problems into data science solutions. Core skills include R, statistics, scikit-learn, pandas, data visualization, and deep learning. Proven track record of delivering results in fast-paced environments and collaborating across teams to drive measurable impact.","Sonder is hiring a Senior Data Analyst (Singapore). In this role you will automate recurring reporting workflows, maintain data quality and documentation, write SQL queries to extract and analyze data, and identify trends and translate them into recommendations. We are looking for 4+ years of experience and strong skills in Excel, statistics, reporting, SQL, dashboards, Tableau, data visualization, and ETL. You should be a collaborative team player who thrives on ownership and impact.",medium,0.47,medium,74,73
"Data Scientist with 2 years of experience based in Toronto. B.Eng. in Software Engineering. Previously at Umbrella Labs and Fathom, where I helped to develop predictive models and evaluate their performance, clean, transform, and analyze large datasets, and communicate findings to non-technical stakeholders. Core skills include NLP, PyTorch, NumPy, R, scikit-learn, and TensorFlow. Proven track record of delivering results in fast-paced environments and collaborating across teams to drive measurable impact.","Ridgeline is hiring a Senior Data Scientist (New York). In this role you will develop predictive models and evaluate their performance, communicate findings to non-technical stakeholders, build and deploy machine learning models to production, and run experiments and A/B tests to guide product decisions. We are looking for 2+ years of experience and strong skills in statistics, deep learning, R, NumPy, and Python. You should be a collaborative team player who thrives on ownership and impact.",high,0.94,high,70,76
"DevOps Engineer with 9 years of experience based in Seattle. MBA. Previously at Northwind and Nimbus, where I helped to automate deployment and provisioning workflows, build and maintain CI/CD pipelines, and improve system reliability, monitoring, and alerting. Core skills include Prometheus, Ansible, Kubernetes, AWS, and CI/CD. Proven track record of delivering results in fast-paced environments and collaborating across teams to drive measurable impact.","Sonder is hiring a Platform Engineer (Austin). In this role you will automate deployment and provisioning workflows, improve system reliability, monitoring, and alerting, build and maintain CI/CD pipelines, and reduce incident response time and toil. We are looking for 2+ years of experience and strong skills in AWS, Linux, GitOps, Jenkins, monitoring, Docker, Terraform, Python, and Kubernetes. You should be a collaborative team player who thrives on ownership and impact.",high,0.94,high,63,70
"Sales Manager with 3 years of experience based in Seattle. B.S. in Statistics. Previously at Kestrel and Sonder, where I helped to exceed quarterly sales targets, manage and grow a book of business, and build and maintain a healthy sales pipeline. Core skills include forecasting, lead generation, Salesforce, closing, pipeline management, and negotiation. Proven track record of delivering results in fast-paced environments and collaborating across teams to drive measurable impact.","TechNova is hiring a UX/UI Designer (Seattle). In this role you will design intuitive user flows and interfaces, advocate for accessible, user-centered design, create wireframes, prototypes, and high-fidelity mockups, and collaborate closely with product and engineering. We are looking for 4+ years of experience and strong skills in user research, wireframing, interaction design, usability testing, and prototyping. You should be a collaborative team player who thrives on ownership and impact.",low,0.06,low,70,70
"Backend Engineer with 3 years of experience based in Austin. B.S. in Finance. Previously at Umbrella Labs and Ridgeline, where I helped to design and build scalable backend services, collaborate with cross-functional teams to ship features, and optimize application performance and reliability. Core skills include Kubernetes, SQL, microservices, Python, REST APIs, React, TypeScript, Node.js, and JavaScript. Proven track record of delivering results in fast-paced environments and collaborating across teams to drive measurable impact.","Fathom is hiring a Cloud Engineer (Bangalore). In this role you will ensure security and scalability of platforms, improve system reliability, monitoring, and alerting, manage cloud infrastructure with infrastructure-as-code, and build and maintain CI/CD pipelines. We are looking for 4+ years of experience and strong skills in Terraform, Ansible, CI/CD, AWS, Python, GitOps, and Prometheus. You should be a collaborative team player who thrives on ownership and impact.",medium,0.4,medium,73,68
"Product Designer with 14 years of experience based in Austin. M.S. in Data Science. Previously at Sonder and Globex, where I helped to design intuitive user flows and interfaces, advocate for accessible, user-centered design, and conduct user research and usability testing. Core skills include prototyping, Adobe XD, design systems, Sketch, user research, usability testing, Figma, interaction design, and accessibility. Proven track record of delivering results in fast-paced environments and collaborating across teams to drive measurable impact.","Vertex Systems is hiring a Product Manager (Toronto). In this role you will gather and synthesize customer and market feedback, work with engineering and design to deliver features, own the product roadmap and prioritize the backlog, and define product requirements and success metrics. We are looking for 2+ years of experience and strong skills in Scrum, go-to-market, analytics, roadmap planning, stakeholder management, Agile, and wireframing. You should be a collaborative team player who thrives on ownership and impact.",medium,0.49,medium,76,78
"Senior Data Analyst with 11 years of experience based in San Francisco. B.S. in Finance. Previously at Initech and BrightData, where I helped to identify trends and translate them into recommendations, support decision-making with clear data storytelling, and build dashboards and reports for business stakeholders. Core skills include SQL, ETL, Python, reporting, and Power BI. Proven track record of delivering results in fast-paced environments and collaborating across teams to drive measurable impact.","Kestrel is hiring a Data Analyst (Singapore). In this role you will write SQL queries to extract and analyze data, build dashboards and reports for business stakeholders, support decision-making with clear data storytelling, and identify trends and translate them into recommendations. We are looking for 3+ years of experience and strong skills in reporting, Excel, SQL, Tableau, ETL, Python, Google Analytics, and dashboards. You should be a collaborative team player who thrives on ownership and impact.",high,0.82,high,72,76
"Site Reliability Engineer with 7 years of experience based in Remote. B.S. in Statistics. Previously at Ridgeline and Lumen, where I helped to reduce incident response time and toil, build and maintain CI/CD pipelines, and improve system reliability, monitoring, and alerting. Core skills include CI/CD, Docker, GitOps, Prometheus, Ansible, and AWS. Proven track record of delivering results in fast-paced environments and collaborating across teams to drive measurable impact.","Sonder is hiring a Account Executive (Seattle). In this role you will forecast revenue and report on sales metrics, exceed quarterly sales targets, negotiate and close deals with new clients, and build and maintain a healthy sales pipeline. We are looking for 3+ years of experience and strong skills in account management, CRM, pipeline management, cold outreach, forecasting, B2B sales, and Salesforce. You should be a collaborative team player who thrives on ownership and impact.",low,0.16,low,68,75
"Business Analyst with 2 years of experience based in Austin. MBA. Previously at Northwind and Umbrella Labs, where I helped to maintain data quality and documentation, write SQL queries to extract and analyze data, and identify trends and translate them into recommendations. Core skills include dashboards, Power BI, ETL, Excel, Google Analytics, data visualization, statistics, Tableau, and SQL. Proven track record of delivering results in fast-paced environments and collaborating across teams to drive measurable impact.","Kestrel is hiring a BI Analyst (Austin). In this role you will support decision-making with clear data storytelling, automate recurring reporting workflows, maintain data quality and documentation, and identify trends and translate them into recommendations. We are looking for 5+ years of experience and strong skills in reporting, Power BI, Python, Google Analytics, SQL, Tableau, ETL, dashboards, and statistics. You should be a collaborative team player who thrives on ownership and impact.",high,0.87,high,75,72
"Digital Marketing Manager with 2 years of experience based in Austin. M.S. in Data Science. Previously at Kestrel and Umbrella Labs, where I helped to run email and social media marketing programs, manage paid advertising budgets and optimize ROI, and grow organic traffic through SEO and content strategy. Core skills include social media, SEO, Google Analytics, brand strategy, paid ads, email marketing, and copywriting. Proven track record of delivering results in fast-paced environments and collaborating across teams to drive measurable impact.","Acme Corp is hiring a UX/UI Designer (San Francisco). In this role you will maintain and evolve the design system, conduct user research and usability testing, design intuitive user flows and interfaces, and collaborate closely with product and engineering. We are looking for 2+ years of experience and strong skills in Adobe XD, Figma, wireframing, accessibility, design systems, and usability testing. You should be a collaborative team player who thrives on ownership and impact.",low,0.08,low,81,74
"Data Analyst with 12 years of experience based in Berlin. M.S. in Human-Computer Interaction. Previously at Northwind and Cobalt, where I helped to build dashboards and reports for business stakeholders, write SQL queries to extract and analyze data, and automate recurring reporting workflows. Core skills include Google Analytics, Tableau, dashboards, Power BI, Excel, reporting, data visualization, ETL, and Python. Proven track record of delivering results in fast-paced environments and collaborating across teams to drive measurable impact.","Northwind is hiring a Associate Product Manager (Singapore). In this role you will analyze usage data to inform product decisions, work with engineering and design to deliver features, gather and synthesize customer and market feedback, and align stakeholders around a product vision. We are looking for 3+ years of experience and strong skills in user research, stakeholder management, Scrum, analytics, go-to-market, wireframing, prioritization, and SQL. You should be a collaborative team player who thrives on ownership and impact.",medium,0.62,medium,76,78
"DevOps Engineer with 10 years of experience based in Remote. B.S. in Statistics. Previously at Fathom and TechNova, where I helped to improve system reliability, monitoring, and alerting, reduce incident response time and toil, and manage cloud infrastructure with infrastructure-as-code. Core skills include Ansible, Terraform, GitOps, CI/CD, and Kubernetes. Proven track record of delivering results in fast-paced environments and collaborating across teams to drive measurable impact.","Globex is hiring a Platform Engineer (London). In this role you will manage cloud infrastructure with infrastructure-as-code, improve system reliability, monitoring, and alerting, build and maintain CI/CD pipelines, and automate deployment and provisioning workflows. We are looking for 3+ years of experience and strong skills in GitOps, CI/CD, Python, Ansible, AWS, Jenkins, Prometheus, Kubernetes, and Linux. You should be a collaborative team player who thrives on ownership and impact.",high,0.89,high,66,69
"Senior Data Analyst with 15 years of experience based in London. M.S. in Data Science. Previously at Lumen and Northwind, where I helped to automate recurring reporting workflows, build dashboards and reports for business stakeholders, and support decision-making with clear data storytelling. Core skills include Python, statistics, ETL, data visualization, dashboards, and Power BI. Proven track record of delivering results in fast-paced environments and collaborating across teams to drive measurable impact.","Acme Corp is hiring a Senior Product Manager (Berlin). In this role you will work with engineering and design to deliver features, define product requirements and success metrics, gather and synthesize customer and market feedback, and own the product roadmap and prioritize the backlog. We are looking for 2+ years of experience and strong skills in Scrum, Agile, wireframing, stakeholder management, A/B testing, and SQL. You should be a collaborative team player who thrives on ownership and impact.",medium,0.53,medium,71,78
"People Operations Manager with 14 years of experience based in Seattle. B.S. in Statistics. Previously at Northwind and Umbrella Labs, where I helped to partner with leaders on org design and headcount planning, own compensation and benefits administration, and manage employee relations and performance processes. Core skills include recruiting, onboarding, performance management, employee relations, talent acquisition, and compensation. Proven track record of delivering results in fast-paced environments and collaborating across teams to drive measurable impact.","Sonder is hiring a Talent Acquisition Manager (San Francisco). In this role you will drive engagement and retention initiatives, own compensation and benefits administration, partner with leaders on org design and headcount planning, and manage employee relations and performance processes. We are looking for 2+ years of experience and strong skills in compliance, coaching, employee relations, compensation, benefits, talent acquisition, onboarding, and performance management. You should be a collaborative team player who thrives on ownership and impact.",high,0.89,high,75,77
"Group Product Manager with 12 years of experience based in Remote. B.S. in Statistics. Previously at Northwind and TechNova, where I helped to analyze usage data to inform product decisions, work with engineering and design to deliver features, and gather and synthesize customer and market feedback. Core skills include go-to-market, analytics, A/B testing, Scrum, SQL, prioritization, Agile, stakeholder management, and roadmap planning. Proven track record of delivering results in fast-paced environments and collaborating across teams to drive measurable impact.","Initech is hiring a Group Product Manager (Austin). In this role you will gather and synthesize customer and market feedback, align stakeholders around a product vision, work with engineering and design to deliver features, and own the product roadmap and prioritize the backlog. We are looking for 5+ years of experience and strong skills in stakeholder management, wireframing, go-to-market, roadmap planning, Scrum, and SQL. You should be a collaborative team player who thrives on ownership and impact.",high,0.87,high,79,77
"Platform Engineer with 5 years of experience based in Toronto. B.S. in Business Administration. Previously at Ridgeline and Umbrella Labs, where I helped to automate deployment and provisioning workflows, manage cloud infrastructure with infrastructure-as-code, and build and maintain CI/CD pipelines. Core skills include GitOps, CI/CD, monitoring, Kubernetes, Python, Docker, and Linux. Proven track record of delivering results in fast-paced environments and collaborating across teams to drive measurable impact.","Fathom is hiring a Senior Software Engineer (Toronto). In this role you will optimize application performance and reliability, collaborate with cross-functional teams to ship features, design and build scalable backend services, and participate in code reviews and technical design discussions. We are looking for 3+ years of experience and strong skills in React, TypeScript, JavaScript, Node.js, and CI/CD. You should be a collaborative team player who thrives on ownership and impact.",medium,0.59,medium,68,71
"Senior Software Engineer with 11 years of experience based in San Francisco. B.Eng. in Software Engineering. Previously at BrightData and Lumen, where I helped to develop and maintain RESTful APIs, collaborate with cross-functional teams to ship features, and write clean, testable, well-documented code. Core skills include AWS, SQL, microservices, Git, and Python. Proven track record of delivering results in fast-paced environments and collaborating across teams to drive measurable impact.","Kestrel is hiring a Product Designer (Austin). In this role you will create wireframes, prototypes, and high-fidelity mockups, advocate for accessible, user-centered design, design intuitive user flows and interfaces, and collaborate closely with product and engineering. We are looking for 3+ years of experience and strong skills in wireframing, Figma, usability testing, Adobe XD, prototyping, Sketch, and accessibility. You should be a collaborative team player who thrives on ownership and impact.",medium,0.5,medium,69,71
"BI Analyst with 7 years of experience based in Remote. MBA. Previously at Initech and Acme Corp, where I helped to build dashboards and reports for business stakeholders, write SQL queries to extract and analyze data, and support decision-making with clear data storytelling. Core skills include Tableau, SQL, dashboards, Excel, Google Analytics, Power BI, and statistics. Proven track record of delivering results in fast-paced environments and collaborating across teams to drive measurable impact.","Ridgeline is hiring a Associate Product Manager (Seattle). In this role you will gather and synthesize customer and market feedback, own the product roadmap and prioritize the backlog, align stakeholders around a product vision, and define product requirements and success metrics. We are looking for 5+ years of experience and strong skills in Agile, user research, stakeholder management, A/B testing, and wireframing. You should be a collaborative team player who thrives on ownership and impact.",medium,0.62,medium,73,75
"Senior Data Analyst with 12 years of experience based in San Francisco. B.S. in Statistics. Previously at Northwind and Acme Corp, where I helped to automate recurring reporting workflows, build dashboards and reports for business stakeholders, and maintain data quality and documentation. Core skills include Tableau, SQL, dashboards, reporting, Excel, data visualization, and Power BI. Proven track record of delivering results in fast-paced environments and collaborating across teams to drive measurable impact.","Acme Corp is hiring a Group Product Manager (New York). In this role you will gather and synthesize customer and market feedback, work with engineering and design to deliver features, define product requirements and success metrics, and analyze usage data to inform product decisions. We are looking for 5+ years of experience and strong skills in stakeholder management, prioritization, SQL, go-to-market, Agile, and analytics. You should be a collaborative team player who thrives on ownership and impact.",medium,0.5,medium,72,77
"Investment Analyst with 3 years of experience based in Toronto. MBA. Previously at Initech and Lumen, where I helped to build financial models and forecasts, partner with department heads on cost control, and produce management reporting and dashboards. Core skills include financial modeling, budgeting, GAAP, forecasting, variance analysis, and SQL. Proven track record of delivering results in fast-paced environments and collaborating across teams to drive measurable impact.","Fathom is hiring a Senior Product Manager (Remote). In this role you will own the product roadmap and prioritize the backlog, analyze usage data to inform product decisions, align stakeholders around a product vision, and work with engineering and design to deliver features. We are looking for 4+ years of experience and strong skills in A/B testing, Scrum, SQL, prioritization, analytics, user research, and Agile. You should be a collaborative team player who thrives on ownership and impact.",low,0.27,low,67,78
"Marketing Manager with 11 years of experience based in Singapore. MBA. Previously at Sonder and Lumen, where I helped to grow organic traffic through SEO and content strategy, analyze campaign performance and report on KPIs, and manage paid advertising budgets and optimize ROI. Core skills include paid ads, campaign management, SEO, copywriting, email marketing, and Google Analytics. Proven track record of delivering results in fast-paced environments and collaborating across teams to drive measurable impact.","BrightData is hiring a Marketing Manager (Bangalore). In this role you will plan and execute multi-channel marketing campaigns, develop brand messaging and positioning, run email and social media marketing programs, and grow organic traffic through SEO and content strategy. We are looking for 4+ years of experience and strong skills in brand strategy, copywriting, content marketing, HubSpot, social media, and campaign management. You should be a collaborative team player who thrives on ownership and impact.",high,0.86,high,74,75
"Business Development Manager with 11 years of experience based in San Francisco. MBA. Previously at Acme Corp and Umbrella Labs, where I helped to negotiate and close deals with new clients, forecast revenue and report on sales metrics, and build and maintain a healthy sales pipeline. Core skills include account management, forecasting, cold outreach, Salesforce, closing, and B2B sales. Proven track record of delivering results in fast-paced environments and collaborating across teams to drive measurable impact.","Lumen is hiring a Site Reliability Engineer (Bangalore). In this role you will automate deployment and provisioning workflows, manage cloud infrastructure with infrastructure-as-code, reduce incident response time and toil, and ensure security and scalability of platforms. We are looking for 2+ years of experience and strong skills in Docker, Kubernetes, Linux, Python, Jenkins, and monitoring. You should be a collaborative team player who thrives on ownership and impact.",low,0.24,low,76,68
"Talent Acquisition Manager with 8 years of experience based in Bangalore. M.S. in Human-Computer Interaction. Previously at Initech and Northwind, where I helped to drive engagement and retention initiatives, own compensation and benefits administration, and ensure HR policies and compliance are up to date. Core skills include performance management, onboarding, HRIS, coaching, and recruiting. Proven track record of delivering results in fast-paced environments and collaborating across teams to drive measurable impact.","Globex is hiring a Site Reliability Engineer (Singapore). In this role you will build and maintain CI/CD pipelines, automate deployment and provisioning workflows, manage cloud infrastructure with infrastructure-as-code, and improve system reliability, monitoring, and alerting. We are looking for 4+ years of experience and strong skills in GitOps, Prometheus, monitoring, Python, Terraform, and Kubernetes. You should be a collaborative team player who thrives on ownership and impact.",low,0.25,low,71,67
"Full Stack Developer with 7 years of experience based in Remote. B.A. in Economics. Previously at BrightData and Initech, where I helped to collaborate with cross-functional teams to ship features, participate in code reviews and technical design discussions, and optimize application performance and reliability. Core skills include CI/CD, JavaScript, TypeScript, GraphQL, AWS, Docker, Git, and Java. Proven track record of delivering results in fast-paced environments and collaborating across teams to drive measurable impact.","Ridgeline is hiring a Cloud Engineer (Remote). In this role you will automate deployment and provisioning workflows, manage cloud infrastructure with infrastructure-as-code, ensure security and scalability of platforms, and build and maintain CI/CD pipelines. We are looking for 3+ years of experience and strong skills in Prometheus, monitoring, CI/CD, Linux, Jenkins, Ansible, Python, GitOps, and Terraform. You should be a collaborative team player who thrives on ownership and impact.",medium,0.55,medium,73,69
"Product Designer with 13 years of experience based in Remote. B.S. in Finance. Previously at Initech and Ridgeline, where I helped to advocate for accessible, user-centered design, conduct user research and usability testing, and maintain and evolve the design system. Core skills include user research, accessibility, Figma, usability testing, design systems, and Adobe XD. Proven track record of delivering results in fast-paced environments and collaborating across teams to drive measurable impact.","Kestrel is hiring a UX/UI Designer (Austin). In this role you will advocate for accessible, user-centered design, maintain and evolve the design system, create wireframes, prototypes, and high-fidelity mockups, and conduct user research and usability testing. We are looking for 4+ years of experience and strong skills in user research, Adobe XD, wireframing, Sketch, Figma, and usability testing. You should be a collaborative team player who thrives on ownership and impact.",high,0.9,high,71,71
"Site Reliability Engineer with 7 years of experience based in Singapore. B.S. in Statistics. Previously at Nimbus and Cobalt, where I helped to automate deployment and provisioning workflows, improve system reliability, monitoring, and alerting, and reduce incident response time and toil. Core skills include Linux, CI/CD, Jenkins, monitoring, and Docker. Proven track record of delivering results in fast-paced environments and collaborating across teams to drive measurable impact.","Fathom is hiring a Software Engineer (San Francisco). In this role you will participate in code reviews and technical design discussions, design and build scalable backend services, write clean, testable, well-documented code, and optimize application performance and reliability. We are looking for 4+ years of experience and strong skills in Java, React, CI/CD, REST APIs, Node.js, TypeScript, GraphQL, Docker, and Python. You should be a collaborative team player who thrives on ownership and impact.",medium,0.58,medium,67,74
"BI Analyst with 1 years of experience based in San Francisco. B.A. in Economics. Previously at Vertex Systems and Kestrel, where I helped to identify trends and translate them into recommendations, maintain data quality and documentation, and support decision-making with clear data storytelling. Core skills include ETL, Excel, SQL, Power BI, data visualization, and reporting. Proven track record of delivering results in fast-paced environments and collaborating across teams to drive measurable impact.","TechNova is hiring a Talent Acquisition Manager (Remote). In this role you will manage employee relations and performance processes, lead full-cycle recruiting and onboarding, partner with leaders on org design and headcount planning, and ensure HR policies and compliance are up to date. We are looking for 2+ years of experience and strong skills in coaching, onboarding, recruiting, compensation, and compliance. You should be a collaborative team player who thrives on ownership and impact.",low,0.21,low,72,74
"Associate Product Manager with 14 years of experience based in Berlin. B.S. in Business Administration. Previously at Umbrella Labs and Cobalt, where I helped to analyze usage data to inform product decisions, gather and synthesize customer and market feedback, and own the product roadmap and prioritize the backlog. Core skills include SQL, user research, Scrum, Agile, go-to-market, stakeholder management, and roadmap planning. Proven track record of delivering results in fast-paced environments and collaborating across teams to drive measurable impact.","Sonder is hiring a Content Marketing Manager (London). In this role you will manage paid advertising budgets and optimize ROI, grow organic traffic through SEO and content strategy, analyze campaign performance and report on KPIs, and run email and social media marketing programs. We are looking for 4+ years of experience and strong skills in campaign management, copywriting, paid ads, social media, email marketing, SEO, and content marketing. You should be a collaborative team player who thrives on ownership and impact.",medium,0.64,medium,79,81
"BI Analyst with 5 years of experience based in Toronto. B.A. in Economics. Previously at Ridgeline and Initech, where I helped to write SQL queries to extract and analyze data, support decision-making with clear data storytelling, and build dashboards and reports for business stakeholders. Core skills include Power BI, Google Analytics, Python, dashboards, SQL, reporting, ETL, Excel, and Tableau. Proven track record of delivering results in fast-paced environments and collaborating across teams to drive measurable impact.","Nimbus is hiring a BI Analyst (Remote). In this role you will identify trends and translate them into recommendations, automate recurring reporting workflows, support decision-making with clear data storytelling, and write SQL queries to extract and analyze data. We are looking for 2+ years of experience and strong skills in ETL, statistics, Excel, SQL, and Google Analytics. You should be a collaborative team player who thrives on ownership and impact.",high,0.81,high,76,70
"Senior Software Engineer with 8 years of experience based in New York. B.S. in Computer Science. Previously at Nimbus and Cobalt, where I helped to write clean, testable, well-documented code, collaborate with cross-functional teams to ship features, and design and build scalable backend services. Core skills include TypeScript, microservices, Docker, JavaScript, AWS, and Kubernetes. Proven track record of delivering results in fast-paced environments and collaborating across teams to drive measurable impact.","Umbrella Labs is hiring a Talent Acquisition Manager (Berlin). In this role you will lead full-cycle recruiting and onboarding, drive engagement and retention initiatives, manage employee relations and performance processes, and ensure HR policies and compliance are up to date. We are looking for 2+ years of experience and strong skills in onboarding, benefits, HRIS, performance management, compensation, recruiting, employee relations, and compliance. You should be a collaborative team player who thrives on ownership and impact.",low,0.25,low,71,76
"Digital Marketing Manager with 2 years of experience based in Singapore. B.A. in Marketing. Previously at BrightData and Vertex Systems, where I helped to run email and social media marketing programs, grow organic traffic through SEO and content strategy, and develop brand messaging and positioning. Core skills include Google Analytics, paid ads, copywriting, social media, campaign management, content marketing, and brand strategy. Proven track record of delivering results in fast-paced environments and collaborating across teams to drive measurable impact.","Nimbus is hiring a Content Marketing Manager (Bangalore). In this role you will manage paid advertising budgets and optimize ROI, plan and execute multi-channel marketing campaigns, analyze campaign performance and report on KPIs, and develop brand messaging and positioning. We are looking for 3+ years of experience and strong skills in Google Analytics, HubSpot, email marketing, copywriting, social media, campaign management, and SEO. You should be a collaborative team player who thrives on ownership and impact.",high,0.9,high,79,76
"Growth Marketing Manager with 6 years of experience based in Bangalore. B.Eng. in Software Engineering. Previously at Initech and Sonder, where I helped to develop brand messaging and positioning, grow organic traffic through SEO and content strategy, and run email and social media marketing programs. Core skills include content marketing, copywriting, HubSpot, Google Analytics, social media, brand strategy, SEO, and paid ads. Proven track record of delivering results in fast-paced environments and collaborating across teams to drive measurable impact.","Globex is hiring a Marketing Manager (Singapore). In this role you will run email and social media marketing programs, develop brand messaging and positioning, manage paid advertising budgets and optimize ROI, and grow organic traffic through SEO and content strategy. We are looking for 4+ years of experience and strong skills in HubSpot, paid ads, content marketing, social media, and email marketing. You should be a collaborative team player who thrives on ownership and impact.",high,0.78,high,79,75
"Senior Software Engineer with 6 years of experience based in London. B.A. in Economics. Previously at Initech and TechNova, where I helped to optimize application performance and reliability, participate in code reviews and technical design discussions, and design and build scalable backend services. Core skills include Node.js, Docker, Python, JavaScript, Kubernetes, React, and GraphQL. Proven track record of delivering results in fast-paced environments and collaborating across teams to drive measurable impact.","Globex is hiring a Senior UX Designer (London). In this role you will conduct user research and usability testing, create wireframes, prototypes, and high-fidelity mockups, advocate for accessible, user-centered design, and collaborate closely with product and engineering. We are looking for 4+ years of experience and strong skills in user research, Adobe XD, accessibility, wireframing, Figma, and usability testing. You should be a collaborative team player who thrives on ownership and impact.",medium,0.66,medium,71,72
"Data Analyst with 5 years of experience based in London. B.Eng. in Software Engineering. Previously at Sonder and Ridgeline, where I helped to support decision-making with clear data storytelling, automate recurring reporting workflows, and maintain data quality and documentation. Core skills include statistics, Excel, Power BI, ETL, dashboards, SQL, reporting, Google Analytics, and Tableau. Proven track record of delivering results in fast-paced environments and collaborating across teams to drive measurable impact.","Nimbus is hiring a Business Analyst (San Francisco). In this role you will identify trends and translate them into recommendations, support decision-making with clear data storytelling, automate recurring reporting workflows, and maintain data quality and documentation. We are looking for 4+ years of experience and strong skills in dashboards, Tableau, statistics, Power BI, Python, Google Analytics, Excel, and SQL. You should be a collaborative team player who thrives on ownership and impact.",high,0.87,high,71,72
"Associate Product Manager with 10 years of experience based in New York. B.S. in Statistics. Previously at Cobalt and Initech, where I helped to align stakeholders around a product vision, analyze usage data to inform product decisions, and define product requirements and success metrics. Core skills include Scrum, stakeholder management, Agile, go-to-market, SQL, wireframing, A/B testing, and roadmap planning. Proven track record of delivering results in fast-paced environments and collaborating across teams to drive measurable impact.","Initech is hiring a Cloud Engineer (Singapore). In this role you will manage cloud infrastructure with infrastructure-as-code, reduce incident response time and toil, ensure security and scalability of platforms, and automate deployment and provisioning workflows. We are looking for 2+ years of experience and strong skills in GitOps, Prometheus, Kubernetes, Jenkins, Terraform, and AWS. You should be a collaborative team player who thrives on ownership and impact.",low,0.33,low,76,67
"People Operations Manager with 7 years of experience based in London. MBA. Previously at Vertex Systems and Lumen, where I helped to ensure HR policies and compliance are up to date, own compensation and benefits administration, and partner with leaders on org design and headcount planning. Core skills include employee relations, coaching, compliance, recruiting, HRIS, and benefits. Proven track record of delivering results in fast-paced environments and collaborating across teams to drive measurable impact.","Kestrel is hiring a People Operations Manager (Seattle). In this role you will manage employee relations and performance processes, own compensation and benefits administration, drive engagement and retention initiatives, and lead full-cycle recruiting and onboarding. We are looking for 3+ years of experience and strong skills in compliance, HRIS, compensation, coaching, onboarding, benefits, and performance management. You should be a collaborative team player who thrives on ownership and impact.",high,0.85,high,74,69
"Site Reliability Engineer with 6 years of experience based in Toronto. M.S. in Human-Computer Interaction. Previously at TechNova and Cobalt, where I helped to improve system reliability, monitoring, and alerting, manage cloud infrastructure with infrastructure-as-code, and reduce incident response time and toil. Core skills include Ansible, AWS, Prometheus, Docker, Python, Terraform, and Linux. Proven track record of delivering results in fast-paced environments and collaborating across teams to drive measurable impact.","TechNova is hiring a Associate Product Manager (Seattle). In this role you will gather and synthesize customer and market feedback, align stakeholders around a product vision, own the product roadmap and prioritize the backlog, and define product requirements and success metrics. We are looking for 2+ years of experience and strong skills in roadmap planning, SQL, stakeholder management, go-to-market, user research, and analytics. You should be a collaborative team player who thrives on ownership and impact.",low,0.15,low,70,76
"Senior Software Engineer with 9 years of experience based in New York. MBA. Previously at BrightData and Vertex Systems, where I helped to design and build scalable backend services, collaborate with cross-functional teams to ship features, and participate in code reviews and technical design discussions. Core skills include TypeScript, Kubernetes, REST APIs, Git, and CI/CD. Proven track record of delivering results in fast-paced environments and collaborating across teams to drive measurable impact.","Ridgeline is hiring a Senior UX Designer (San Francisco). In this role you will collaborate closely with product and engineering, design intuitive user flows and interfaces, create wireframes, prototypes, and high-fidelity mockups, and maintain and evolve the design system. We are looking for 5+ years of experience and strong skills in user research, Adobe XD, design systems, accessibility, prototyping, Sketch, and Figma. You should be a collaborative team player who thrives on ownership and impact.",medium,0.63,medium,72,75
"Associate Product Manager with 15 years of experience based in London. B.A. in Economics. Previously at Acme Corp and BrightData, where I helped to align stakeholders around a product vision, analyze usage data to inform product decisions, and define product requirements and success metrics. Core skills include SQL, Scrum, A/B testing, stakeholder management, user research, wireframing, analytics, Agile, and roadmap planning. Proven track record of delivering results in fast-paced environments and collaborating across teams to drive measurable impact.","Fathom is hiring a Group Product Manager (Bangalore). In this role you will align stakeholders around a product vision, work with engineering and design to deliver features, analyze usage data to inform product decisions, and own the product roadmap and prioritize the backlog. We are looking for 2+ years of experience and strong skills in wireframing, user research, A/B testing, go-to-market, and SQL. You should be a collaborative team player who thrives on ownership and impact.",high,0.91,high,78,76
"Senior UX Designer with 15 years of experience based in San Francisco. MBA. Previously at Kestrel and Sonder, where I helped to maintain and evolve the design system, design intuitive user flows and interfaces, and advocate for accessible, user-centered design. Core skills include user research, design systems, Adobe XD, usability testing, accessibility, Figma, and interaction design. Proven track record of delivering results in fast-paced environments and collaborating across teams to drive measurable impact.","Lumen is hiring a Senior UX Designer (Toronto). In this role you will collaborate closely with product and engineering, create wireframes, prototypes, and high-fidelity mockups, conduct user research and usability testing, and maintain and evolve the design system. We are looking for 4+ years of experience and strong skills in design systems, user research, interaction design, Figma, wireframing, accessibility, and Adobe XD. You should be a collaborative team player who thrives on ownership and impact.",high,0.84,high,73,75
"Full Stack Developer with 9 years of experience based in San Francisco. B.S. in Statistics. Previously at Ridgeline and Acme Corp, where I helped to participate in code reviews and technical design discussions, develop and maintain RESTful APIs, and write clean, testable, well-documented code. Core skills include TypeScript, CI/CD, REST APIs, JavaScript, Kubernetes, Java, SQL, and GraphQL. Proven track record of delivering results in fast-paced environments and collaborating across teams to drive measurable impact.","Vertex Systems is hiring a DevOps Engineer (Bangalore). In this role you will automate deployment and provisioning workflows, ensure security and scalability of platforms, improve system reliability, monitoring, and alerting, and manage cloud infrastructure with infrastructure-as-code. We are looking for 3+ years of experience and strong skills in Jenkins, Python, CI/CD, Kubernetes, Prometheus, Docker, and Ansible. You should be a collaborative team player who thrives on ownership and impact.",medium,0.67,medium,74,69
"Senior Product Manager with 5 years of experience based in London. B.Eng. in Software Engineering. Previously at Vertex Systems and Initech, where I helped to own the product roadmap and prioritize the backlog, gather and synthesize customer and market feedback, and analyze usage data to inform product decisions. Core skills include SQL, Agile, A/B testing, analytics, go-to-market, roadmap planning, wireframing, and user research. Proven track record of delivering results in fast-paced environments and collaborating across teams to drive measurable impact.","Nimbus is hiring a Machine Learning Engineer (Bangalore). In this role you will run experiments and A/B tests to guide product decisions, communicate findings to non-technical stakeholders, build and deploy machine learning models to production, and develop predictive models and evaluate their performance. We are looking for 4+ years of experience and strong skills in pandas, NumPy, NLP, data visualization, statistics, R, Python, and A/B testing. You should be a collaborative team player who thrives on ownership and impact.",low,0.08,low,80,79
"Machine Learning Engineer with 4 years of experience based in Austin. M.S. in Data Science. Previously at Fathom and Northwind, where I helped to translate business problems into data science solutions, clean, transform, and analyze large datasets, and build and deploy machine learning models to production. Core skills include SQL, NLP, NumPy, statistics, and scikit-learn. Proven track record of delivering results in fast-paced environments and collaborating across teams to drive measurable impact.","Northwind is hiring a Backend Engineer (Remote). In this role you will participate in code reviews and technical design discussions, design and build scalable backend services, write clean, testable, well-documented code, and optimize application performance and reliability. We are looking for 5+ years of experience and strong skills in REST APIs, Docker, GraphQL, CI/CD, React, Node.js, and JavaScript. You should be a collaborative team player who thrives on ownership and impact.",medium,0.69,medium,72,71
"Content Marketing Manager with 14 years of experience based in London. B.S. in Business Administration. Previously at Cobalt and Sonder, where I helped to grow organic traffic through SEO and content strategy, manage paid advertising budgets and optimize ROI, and analyze campaign performance and report on KPIs. Core skills include social media, copywriting, Google Analytics, paid ads, campaign management, and content marketing. Proven track record of delivering results in fast-paced environments and collaborating across teams to drive measurable impact.","BrightData is hiring a HR Manager (Toronto). In this role you will drive engagement and retention initiatives, ensure HR policies and compliance are up to date, own compensation and benefits administration, and lead full-cycle recruiting and onboarding. We are looking for 2+ years of experience and strong skills in performance management, coaching, employee relations, recruiting, benefits, and talent acquisition. You should be a collaborative team player who thrives on ownership and impact.",medium,0.55,medium,79,72
"Digital Marketing Manager with 14 years of experience based in Singapore. B.S. in Business Administration. Previously at Northwind and Acme Corp, where I helped to manage paid advertising budgets and optimize ROI, develop brand messaging and positioning, and analyze campaign performance and report on KPIs. Core skills include social media, campaign management, content marketing, email marketing, SEO, copywriting, paid ads, Google Analytics, and brand strategy. Proven track record of delivering results in fast-paced environments and collaborating across teams to drive measurable impact.","Nimbus is hiring a Digital Marketing Manager (Seattle). In this role you will analyze campaign performance and report on KPIs, manage paid advertising budgets and optimize ROI, plan and execute multi-channel marketing campaigns, and develop brand messaging and positioning. We are looking for 3+ years of experience and strong skills in copywriting, social media, campaign management, content marketing, paid ads, brand strategy, and SEO. You should be a collaborative team player who thrives on ownership and impact.",high,0.82,high,82,77
"Data Scientist with 11 years of experience based in Bangalore. B.S. in Business Administration. Previously at Acme Corp and Vertex Systems, where I helped to clean, transform, and analyze large datasets, develop predictive models and evaluate their performance, and build and deploy machine learning models to production. Core skills include Python, PyTorch, statistics, data visualization, R, deep learning, TensorFlow, NumPy, and NLP. Proven track record of delivering results in fast-paced environments and collaborating across teams to drive measurable impact.","Lumen is hiring a Senior Data Scientist (Remote). In this role you will build and deploy machine learning models to production, develop predictive models and evaluate their performance, communicate findings to non-technical stakeholders, and run experiments and A/B tests to guide product decisions. We are looking for 2+ years of experience and strong skills in pandas, NumPy, SQL, scikit-learn, and TensorFlow. You should be a collaborative team player who thrives on ownership and impact.",high,0.9,high,79,74
"Associate Product Manager with 6 years of experience based in San Francisco. B.S. in Business Administration. Previously at BrightData and Lumen, where I helped to analyze usage data to inform product decisions, define product requirements and success metrics, and own the product roadmap and prioritize the backlog. Core skills include Agile, roadmap planning, user research, prioritization, go-to-market, analytics, and Scrum. Proven track record of delivering results in fast-paced environments and collaborating across teams to drive measurable impact.","Ridgeline is hiring a FP&A Analyst (New York). In this role you will analyze business performance and profitability, support annual planning and budgeting cycles, partner with department heads on cost control, and prepare monthly budget vs actual variance analysis. We are looking for 2+ years of experience and strong skills in Excel, valuation, variance analysis, Power BI, financial reporting, GAAP, accounting, and SQL. You should be a collaborative team player who thrives on ownership and impact.",medium,0.67,medium,77,76
"Senior Data Scientist with 8 years of experience based in Remote. B.S. in Statistics. Previously at Lumen and Northwind, where I helped to translate business problems into data science solutions, clean, transform, and analyze large datasets, and develop predictive models and evaluate their performance. Core skills include statistics, deep learning, NumPy, PyTorch, R, and NLP. Proven track record of delivering results in fast-paced environments and collaborating across teams to drive measurable impact.","Sonder is hiring a Applied Scientist (Berlin). In this role you will develop predictive models and evaluate their performance, communicate findings to non-technical stakeholders, build and deploy machine learning models to production, and run experiments and A/B tests to guide product decisions. We are looking for 5+ years of experience and strong skills in SQL, statistics, data visualization, NumPy, pandas, deep learning, TensorFlow, NLP, and R. You should be a collaborative team player who thrives on ownership and impact.",high,0.91,high,72,79
"Backend Engineer with 14 years of experience based in London. B.Eng. in Software Engineering. Previously at Lumen and BrightData, where I helped to develop and maintain RESTful APIs, collaborate with cross-functional teams to ship features, and participate in code reviews and technical design discussions. Core skills include CI/CD, AWS, Docker, Git, TypeScript, GraphQL, Kubernetes, SQL, and React. Proven track record of delivering results in fast-paced environments and collaborating across teams to drive measurable impact.","BrightData is hiring a Senior Software Engineer (Austin). In this role you will develop and maintain RESTful APIs, optimize application performance and reliability, participate in code reviews and technical design discussions, and collaborate with cross-functional teams to ship features. We are looking for 4+ years of experience and strong skills in Node.js, REST APIs, Python, JavaScript, AWS, GraphQL, and Kubernetes. You should be a collaborative team player who thrives on ownership and impact.",high,0.88,high,74,73
"Business Analyst with 10 years of experience based in London. B.S. in Finance. Previously at BrightData and Cobalt, where I helped to write SQL queries to extract and analyze data, identify trends and translate them into recommendations, and automate recurring reporting workflows. Core skills include SQL, reporting, Power BI, ETL, statistics, Tableau, Google Analytics, dashboards, and data visualization. Proven track record of delivering results in fast-paced environments and collaborating across teams to drive measurable impact.","Cobalt is hiring a Applied Scientist (Berlin). In this role you will build and deploy machine learning models to production, run experiments and A/B tests to guide product decisions, develop predictive models and evaluate their performance, and clean, transform, and analyze large datasets. We are looking for 3+ years of experience and strong skills in R, pandas, scikit-learn, NLP, data visualization, statistics, NumPy, and PyTorch. You should be a collaborative team player who thrives on ownership and impact.",medium,0.5,medium,75,78
"HR Manager with 2 years of experience based in Singapore. B.S. in Business Administration. Previously at Vertex Systems and TechNova, where I helped to own compensation and benefits administration, lead full-cycle recruiting and onboarding, and ensure HR policies and compliance are up to date. Core skills include benefits, HRIS, employee relations, talent acquisition, compliance, onboarding, coaching, recruiting, and compensation. Proven track record of delivering results in fast-paced environments and collaborating across teams to drive measurable impact.","Initech is hiring a People Operations Manager (New York). In this role you will lead full-cycle recruiting and onboarding, partner with leaders on org design and headcount planning, ensure HR policies and compliance are up to date, and own compensation and benefits administration. We are looking for 5+ years of experience and strong skills in performance management, compliance, recruiting, onboarding, HRIS, employee relations, benefits, talent acquisition, and coaching. You should be a collaborative team player who thrives on ownership and impact.",high,0.76,high,76,81
"Applied Scientist with 3 years of experience based in Seattle. B.S. in Finance. Previously at BrightData and Lumen, where I helped to run experiments and A/B tests to guide product decisions, communicate findings to non-technical stakeholders, and translate business problems into data science solutions. Core skills include data visualization, R, statistics, TensorFlow, machine learning, deep learning, PyTorch, and NumPy. Proven track record of delivering results in fast-paced environments and collaborating across teams to drive measurable impact.","Vertex Systems is hiring a Senior Data Analyst (Toronto). In this role you will write SQL queries to extract and analyze data, maintain data quality and documentation, identify trends and translate them into recommendations, and support decision-making with clear data storytelling. We are looking for 5+ years of experience and strong skills in Power BI, SQL, Tableau, reporting, ETL, Google Analytics, and Python. You should be a collaborative team player who thrives on ownership and impact.",medium,0.64,medium,76,76
"Machine Learning Engineer with 8 years of experience based in Bangalore. B.S. in Business Administration. Previously at Ridgeline and Northwind, where I helped to translate business problems into data science solutions, communicate findings to non-technical stakeholders, and run experiments and A/B tests to guide product decisions. Core skills include PyTorch, Python, TensorFlow, data visualization, R, pandas, and deep learning. Proven track record of delivering results in fast-paced environments and collaborating across teams to drive measurable impact.","Initech is hiring a Business Development Manager (Bangalore). In this role you will manage and grow a book of business, forecast revenue and report on sales metrics, negotiate and close deals with new clients, and exceed quarterly sales targets. We are looking for 4+ years of experience and strong skills in forecasting, cold outreach, B2B sales, lead generation, account management, closing, negotiation, and Salesforce. You should be a collaborative team player who thrives on ownership and impact.",low,0.29,low,76,77
"Investment Analyst with 1 years of experience based in Bangalore. B.A. in Marketing. Previously at Globex and TechNova, where I helped to build financial models and forecasts, support annual planning and budgeting cycles, and prepare monthly budget vs actual variance analysis. Core skills include accounting, GAAP, financial reporting, variance analysis, and Power BI. Proven track record of delivering results in fast-paced environments and collaborating across teams to drive measurable impact.","Northwind is hiring a Senior Software Engineer (Berlin). In this role you will optimize application performance and reliability, design and build scalable backend services, write clean, testable, well-documented code, and develop and maintain RESTful APIs. We are looking for 4+ years of experience and strong skills in Java, Docker, GraphQL, React, TypeScript, Git, and CI/CD. You should be a collaborative team player who thrives on ownership and impact.",low,0.06,low,70,68
"Product Designer with 1 years of experience based in Seattle. B.A. in Marketing. Previously at Fathom and Umbrella Labs, where I helped to conduct user research and usability testing, create wireframes, prototypes, and high-fidelity mockups, and collaborate closely with product and engineering. Core skills include prototyping, interaction design, Adobe XD, accessibility, user research, and wireframing. Proven track record of delivering results in fast-paced environments and collaborating across teams to drive measurable impact.","Umbrella Labs is hiring a HR Manager (Toronto). In this role you will drive engagement and retention initiatives, lead full-cycle recruiting and onboarding, own compensation and benefits administration, and manage employee relations and performance processes. We are looking for 4+ years of experience and strong skills in talent acquisition, onboarding, compliance, benefits, employee relations, and coaching. You should be a collaborative team player who thrives on ownership and impact.",low,0.29,low,72,69
"Financial Analyst with 12 years of experience based in New York. B.A. in Marketing. Previously at Cobalt and Initech, where I helped to build financial models and forecasts, analyze business performance and profitability, and partner with department heads on cost control. Core skills include financial reporting, forecasting, variance analysis, SQL, Power BI, budgeting, Excel, valuation, and accounting. Proven track record of delivering results in fast-paced environments and collaborating across teams to drive measurable impact.","Sonder is hiring a Financial Analyst (Seattle). In this role you will build financial models and forecasts, partner with department heads on cost control, produce management reporting and dashboards, and support annual planning and budgeting cycles. We are looking for 5+ years of experience and strong skills in valuation, financial modeling, forecasting, Excel, variance analysis, and SQL. You should be a collaborative team player who thrives on ownership and impact.",high,0.88,high,74,70
"Data Scientist with 13 years of experience based in London. MBA. Previously at Sonder and Kestrel, where I helped to develop predictive models and evaluate their performance, build and deploy machine learning models to production, and clean, transform, and analyze large datasets. Core skills include A/B testing, pandas, R, scikit-learn, NumPy, TensorFlow, and statistics. Proven track record of delivering results in fast-paced environments and collaborating across teams to drive measurable impact.","Kestrel is hiring a Content Marketing Manager (Remote). In this role you will analyze campaign performance and report on KPIs, grow organic traffic through SEO and content strategy, manage paid advertising budgets and optimize ROI, and run email and social media marketing programs. We are looking for 3+ years of experience and strong skills in email marketing, paid ads, SEO, brand strategy, HubSpot, Google Analytics, content marketing, and campaign management. You should be a collaborative team player who thrives on ownership and impact.",low,0.18,low,71,83
"Machine Learning Engineer with 12 years of experience based in Singapore. B.S. in Computer Science. Previously at Vertex Systems and Cobalt, where I helped to translate business problems into data science solutions, clean, transform, and analyze large datasets, and develop predictive models and evaluate their performance. Core skills include PyTorch, Python, A/B testing, data visualization, SQL, statistics, NumPy, pandas, and deep learning. Proven track record of delivering results in fast-paced environments and collaborating across teams to drive measurable impact.","Northwind is hiring a Digital Marketing Manager (Toronto). In this role you will plan and execute multi-channel marketing campaigns, manage paid advertising budgets and optimize ROI, grow organic traffic through SEO and content strategy, and analyze campaign performance and report on KPIs. We are looking for 5+ years of experience and strong skills in brand strategy, social media, HubSpot, email marketing, paid ads, and Google Analytics. You should be a collaborative team player who thrives on ownership and impact.",low,0.32,low,79,79
"BI Analyst with 8 years of experience based in Seattle. B.S. in Computer Science. Previously at Fathom and Globex, where I helped to automate recurring reporting workflows, support decision-making with clear data storytelling, and maintain data quality and documentation. Core skills include Tableau, ETL, Excel, Google Analytics, reporting, SQL, and Python. Proven track record of delivering results in fast-paced environments and collaborating across teams to drive measurable impact.","Initech is hiring a Machine Learning Engineer (Singapore). In this role you will develop predictive models and evaluate their performance, run experiments and A/B tests to guide product decisions, build and deploy machine learning models to production, and communicate findings to non-technical stakeholders. We are looking for 2+ years of experience and strong skills in scikit-learn, data visualization, deep learning, TensorFlow, and R. You should be a collaborative team player who thrives on ownership and impact.",medium,0.49,medium,68,76
"Senior UX Designer with 5 years of experience based in San Francisco. B.S. in Computer Science. Previously at Northwind and BrightData, where I helped to conduct user research and usability testing, advocate for accessible, user-centered design, and design intuitive user flows and interfaces. Core skills include usability testing, accessibility, design systems, prototyping, user research, wireframing, Sketch, Figma, and interaction design. Proven track record of delivering results in fast-paced environments and collaborating across teams to drive measurable impact.","TechNova is hiring a Investment Analyst (Austin). In this role you will support annual planning and budgeting cycles, analyze business performance and profitability, produce management reporting and dashboards, and prepare monthly budget vs actual variance analysis. We are looking for 5+ years of experience and strong skills in valuation, SQL, financial reporting, Excel, forecasting, financial modeling, and variance analysis. You should be a collaborative team player who thrives on ownership and impact.",low,0.06,low,77,72
"Senior Data Scientist with 2 years of experience based in London. B.A. in Economics. Previously at Cobalt and Sonder, where I helped to communicate findings to non-technical stakeholders, develop predictive models and evaluate their performance, and translate business problems into data science solutions. Core skills include data visualization, machine learning, TensorFlow, deep learning, Python, PyTorch, statistics, and SQL. Proven track record of delivering results in fast-paced environments and collaborating across teams to drive measurable impact.","Kestrel is hiring a Platform Engineer (London). In this role you will build and maintain CI/CD pipelines, automate deployment and provisioning workflows, manage cloud infrastructure with infrastructure-as-code, and improve system reliability, monitoring, and alerting. We are looking for 3+ years of experience and strong skills in Ansible, Python, Docker, CI/CD, and Prometheus. You should be a collaborative team player who thrives on ownership and impact.",medium,0.67,medium,75,65
"BI Analyst with 2 years of experience based in San Francisco. B.S. in Finance. Previously at Fathom and Vertex Systems, where I helped to automate recurring reporting workflows, write SQL queries to extract and analyze data, and support decision-making with clear data storytelling. Core skills include statistics, ETL, SQL, Tableau, Excel, reporting, and data visualization. Proven track record of delivering results in fast-paced environments and collaborating across teams to drive measurable impact.","Kestrel is hiring a Senior Financial Analyst (Berlin). In this role you will analyze business performance and profitability, support annual planning and budgeting cycles, build financial models and forecasts, and produce management reporting and dashboards. We are looking for 4+ years of experience and strong skills in variance analysis, accounting, SQL, financial reporting, GAAP, financial modeling, budgeting, and valuation. You should be a collaborative team player who thrives on ownership and impact.",medium,0.43,medium,72,72
"Machine Learning Engineer with 7 years of experience based in Seattle. M.S. in Data Science. Previously at Cobalt and Kestrel, where I helped to build and deploy machine learning models to production, communicate findings to non-technical stakeholders, and clean, transform, and analyze large datasets. Core skills include machine learning, TensorFlow, scikit-learn, PyTorch, NLP, and R. Proven track record of delivering results in fast-paced environments and collaborating across teams to drive measurable impact.","TechNova is hiring a Financial Analyst (London). In this role you will produce management reporting and dashboards, support annual planning and budgeting cycles, analyze business performance and profitability, and build financial models and forecasts. We are looking for 3+ years of experience and strong skills in Power BI, Excel, budgeting, GAAP, SQL, accounting, and variance analysis. You should be a collaborative team player who thrives on ownership and impact.",low,0.21,low,72,69
"HR Business Partner with 12 years of experience based in New York. B.S. in Statistics. Previously at Acme Corp and Sonder, where I helped to partner with leaders on org design and headcount planning, manage employee relations and performance processes, and own compensation and benefits administration. Core skills include performance management, employee relations, recruiting, benefits, compliance, and compensation. Proven track record of delivering results in fast-paced environments and collaborating across teams to drive measurable impact.","BrightData is hiring a Senior Financial Analyst (Remote). In this role you will partner with department heads on cost control, prepare monthly budget vs actual variance analysis, support annual planning and budgeting cycles, and produce management reporting and dashboards. We are looking for 3+ years of experience and strong skills in accounting, financial modeling, GAAP, forecasting, Excel, valuation, financial reporting, budgeting, and SQL. You should be a collaborative team player who thrives on ownership and impact.",low,0.16,low,75,76
"Data Scientist with 8 years of experience based in Berlin. B.A. in Economics. Previously at Acme Corp and Nimbus, where I helped to develop predictive models and evaluate their performance, build and deploy machine learning models to production, and translate business problems into data science solutions. Core skills include data visualization, A/B testing, pandas, SQL, R, PyTorch, Python, and statistics. Proven track record of delivering results in fast-paced environments and collaborating across teams to drive measurable impact.","Vertex Systems is hiring a Site Reliability Engineer (Seattle). In this role you will manage cloud infrastructure with infrastructure-as-code, automate deployment and provisioning workflows, ensure security and scalability of platforms, and build and maintain CI/CD pipelines. We are looking for 3+ years of experience and strong skills in Kubernetes, Ansible, GitOps, Jenkins, monitoring, Terraform, Docker, Linux, and Prometheus. You should be a collaborative team player who thrives on ownership and impact.",medium,0.49,medium,77,71
"Product Designer with 11 years of experience based in London. B.A. in Economics. Previously at Cobalt and Vertex Systems, where I helped to maintain and evolve the design system, create wireframes, prototypes, and high-fidelity mockups, and collaborate closely with product and engineering. Core skills include wireframing, usability testing, accessibility, prototyping, and design systems. Proven track record of delivering results in fast-paced environments and collaborating across teams to drive measurable impact.","TechNova is hiring a Product Designer (Toronto). In this role you will design intuitive user flows and interfaces, create wireframes, prototypes, and high-fidelity mockups, collaborate closely with product and engineering, and advocate for accessible, user-centered design. We are looking for 5+ years of experience and strong skills in usability testing, Figma, Sketch, prototyping, and wireframing. You should be a collaborative team player who thrives on ownership and impact.",high,0.9,high,70,68
"Digital Marketing Manager with 8 years of experience based in Bangalore. B.Eng. in Software Engineering. Previously at Ridgeline and Sonder, where I helped to grow organic traffic through SEO and content strategy, develop brand messaging and positioning, and plan and execute multi-channel marketing campaigns. Core skills include brand strategy, paid ads, email marketing, copywriting, SEO, campaign management, content marketing, and HubSpot. Proven track record of delivering results in fast-paced environments and collaborating across teams to drive measurable impact.","Nimbus is hiring a Machine Learning Engineer (Toronto). In this role you will build and deploy machine learning models to production, run experiments and A/B tests to guide product decisions, translate business problems into data science solutions, and clean, transform, and analyze large datasets. We are looking for 4+ years of experience and strong skills in A/B testing, TensorFlow, Python, NLP, data visualization, and pandas. You should be a collaborative team player who thrives on ownership and impact.",low,0.29,low,78,78
"Software Engineer with 9 years of experience based in Seattle. B.Eng. in Software Engineering. Previously at Northwind and BrightData, where I helped to develop and maintain RESTful APIs, design and build scalable backend services, and participate in code reviews and technical design discussions. Core skills include SQL, React, REST APIs, AWS, microservices, JavaScript, TypeScript, Java, and Kubernetes. Proven track record of delivering results in fast-paced environments and collaborating across teams to drive measurable impact.","Kestrel is hiring a Senior Data Analyst (London). In this role you will support decision-making with clear data storytelling, build dashboards and reports for business stakeholders, automate recurring reporting workflows, and write SQL queries to extract and analyze data. We are looking for 4+ years of experience and strong skills in ETL, Google Analytics, reporting, data visualization, statistics, dashboards, Tableau, and Excel. You should be a collaborative team player who thrives on ownership and impact.",low,0.32,low,74,75
"HR Business Partner with 6 years of experience based in Bangalore. MBA. Previously at Acme Corp and Globex, where I helped to drive engagement and retention initiatives, own compensation and benefits administration, and manage employee relations and performance processes. Core skills include onboarding, talent acquisition, compliance, HRIS, employee relations, coaching, recruiting, and compensation. Proven track record of delivering results in fast-paced environments and collaborating across teams to drive measurable impact.","TechNova is hiring a Software Engineer (New York). In this role you will develop and maintain RESTful APIs, participate in code reviews and technical design discussions, optimize application performance and reliability, and write clean, testable, well-documented code. We are looking for 4+ years of experience and strong skills in React, AWS, Java, Git, Python, GraphQL, Docker, and REST APIs. You should be a collaborative team player who thrives on ownership and impact.",low,0.21,low,70,72
"Site Reliability Engineer with 13 years of experience based in Singapore. M.S. in Data Science. Previously at Acme Corp and BrightData, where I helped to improve system reliability, monitoring, and alerting, reduce incident response time and toil, and automate deployment and provisioning workflows. Core skills include Jenkins, GitOps, CI/CD, Python, Prometheus, AWS, Ansible, Linux, and Kubernetes. Proven track record of delivering results in fast-paced environments and collaborating across teams to drive measurable impact.","Fathom is hiring a Applied Scientist (New York). In this role you will communicate findings to non-technical stakeholders, develop predictive models and evaluate their performance, build and deploy machine learning models to production, and translate business problems into data science solutions. We are looking for 5+ years of experience and strong skills in machine learning, R, TensorFlow, A/B testing, NumPy, data visualization, and scikit-learn. You should be a collaborative team player who thrives on ownership and impact.",low,0.27,low,73,77
"Associate Product Manager with 8 years of experience based in Berlin. B.S. in Business Administration. Previously at Acme Corp and Initech, where I helped to own the product roadmap and prioritize the backlog, analyze usage data to inform product decisions, and work with engineering and design to deliver features. Core skills include A/B testing, analytics, go-to-market, prioritization, Agile, stakeholder management, SQL, Scrum, and wireframing. Proven track record of delivering results in fast-paced environments and collaborating across teams to drive measurable impact.","Cobalt is hiring a Content Marketing Manager (Remote). In this role you will analyze campaign performance and report on KPIs, develop brand messaging and positioning, run email and social media marketing programs, and manage paid advertising budgets and optimize ROI. We are looking for 5+ years of experience and strong skills in SEO, content marketing, campaign management, email marketing, paid ads, and Google Analytics. You should be a collaborative team player who thrives on ownership and impact.",medium,0.41,medium,81,77
"Full Stack Developer with 12 years of experience based in Toronto. B.S. in Statistics. Previously at Ridgeline and TechNova, where I helped to design and build scalable backend services, develop and maintain RESTful APIs, and participate in code reviews and technical design discussions. Core skills include Kubernetes, Node.js, REST APIs, Git, CI/CD, JavaScript, and GraphQL. Proven track record of delivering results in fast-paced environments and collaborating across teams to drive measurable impact.","Lumen is hiring a Full Stack Developer (Singapore). In this role you will design and build scalable backend services, collaborate with cross-functional teams to ship features, participate in code reviews and technical design discussions, and optimize application performance and reliability. We are looking for 3+ years of experience and strong skills in Docker, Git, React, Kubernetes, and AWS. You should be a collaborative team player who thrives on ownership and impact.",high,0.88,high,72,71
"Investment Analyst with 14 years of experience based in San Francisco. MBA. Previously at Sonder and Lumen, where I helped to prepare monthly budget vs actual variance analysis, build financial models and forecasts, and analyze business performance and profitability. Core skills include accounting, financial modeling, SQL, financial reporting, and budgeting. Proven track record of delivering results in fast-paced environments and collaborating across teams to drive measurable impact.","Northwind is hiring a BI Analyst (San Francisco). In this role you will support decision-making with clear data storytelling, identify trends and translate them into recommendations, write SQL queries to extract and analyze data, and build dashboards and reports for business stakeholders. We are looking for 5+ years of experience and strong skills in statistics, Power BI, Excel, SQL, dashboards, and Tableau. You should be a collaborative team player who thrives on ownership and impact.",medium,0.51,medium,67,75
"Senior UX Designer with 8 years of experience based in Toronto. B.S. in Statistics. Previously at Northwind and Vertex Systems, where I helped to conduct user research and usability testing, create wireframes, prototypes, and high-fidelity mockups, and design intuitive user flows and interfaces. Core skills include Sketch, wireframing, Adobe XD, design systems, Figma, prototyping, usability testing, user research, and interaction design. Proven track record of delivering results in fast-paced environments and collaborating across teams to drive measurable impact.","Northwind is hiring a Senior UX Designer (Austin). In this role you will advocate for accessible, user-centered design, collaborate closely with product and engineering, design intuitive user flows and interfaces, and maintain and evolve the design system. We are looking for 4+ years of experience and strong skills in design systems, Figma, Sketch, wireframing, user research, accessibility, prototyping, usability testing, and interaction design. You should be a collaborative team player who thrives on ownership and impact.",high,0.91,high,78,76
"Financial Analyst with 15 years of experience based in San Francisco. B.Eng. in Software Engineering. Previously at Sonder and Vertex Systems, where I helped to partner with department heads on cost control, analyze business performance and profitability, and produce management reporting and dashboards. Core skills include financial reporting, variance analysis, Power BI, accounting, and GAAP. Proven track record of delivering results in fast-paced environments and collaborating across teams to drive measurable impact.","Lumen is hiring a Financial Analyst (Seattle). In this role you will produce management reporting and dashboards, support annual planning and budgeting cycles, partner with department heads on cost control, and analyze business performance and profitability. We are looking for 5+ years of experience and strong skills in valuation, Power BI, Excel, variance analysis, budgeting, financial modeling, GAAP, and financial reporting. You should be a collaborative team player who thrives on ownership and impact.",high,0.78,high,72,74
"Content Marketing Manager with 13 years of experience based in Austin. B.S. in Statistics. Previously at Ridgeline and Umbrella Labs, where I helped to grow organic traffic through SEO and content strategy, run email and social media marketing programs, and manage paid advertising budgets and optimize ROI. Core skills include HubSpot, email marketing, Google Analytics, SEO, and brand strategy. Proven track record of delivering results in fast-paced environments and collaborating across teams to drive measurable impact.","Nimbus is hiring a Full Stack Developer (Singapore). In this role you will write clean, testable, well-documented code, design and build scalable backend services, develop and maintain RESTful APIs, and optimize application performance and reliability. We are looking for 5+ years of experience and strong skills in Node.js, TypeScript, Kubernetes, GraphQL, AWS, and Java. You should be a collaborative team player who thrives on ownership and impact.",low,0.33,low,76,67
"Financial Analyst with 2 years of experience based in London. B.Eng. in Software Engineering. Previously at Vertex Systems and Ridgeline, where I helped to prepare monthly budget vs actual variance analysis, partner with department heads on cost control, and build financial models and forecasts. Core skills include accounting, valuation, financial modeling, Power BI, forecasting, and financial reporting. Proven track record of delivering results in fast-paced environments and collaborating across teams to drive measurable impact.","BrightData is hiring a Senior Financial Analyst (Singapore). In this role you will prepare monthly budget vs actual variance analysis, build financial models and forecasts, support annual planning and budgeting cycles, and analyze business performance and profitability. We are looking for 5+ years of experience and strong skills in financial modeling, GAAP, budgeting, forecasting, variance analysis, and Excel. You should be a collaborative team player who thrives on ownership and impact.",high,0.8,high,74,71
"Associate Product Manager with 12 years of experience based in Remote. B.S. in Computer Science. Previously at Acme Corp and TechNova, where I helped to gather and synthesize customer and market feedback, align stakeholders around a product vision, and own the product roadmap and prioritize the backlog. Core skills include Scrum, Agile, stakeholder management, prioritization, user research, and SQL. Proven track record of delivering results in fast-paced environments and collaborating across teams to drive measurable impact.","TechNova is hiring a Machine Learning Engineer (New York). In this role you will run experiments and A/B tests to guide product decisions, develop predictive models and evaluate their performance, translate business problems into data science solutions, and build and deploy machine learning models to production. We are looking for 4+ years of experience and strong skills in statistics, TensorFlow, pandas, scikit-learn, PyTorch, Python, machine learning, SQL, and NLP. You should be a collaborative team player who thrives on ownership and impact.",low,0.16,low,76,82
"Marketing Manager with 6 years of experience based in San Francisco. B.Eng. in Software Engineering. Previously at Northwind and Sonder, where I helped to analyze campaign performance and report on KPIs, plan and execute multi-channel marketing campaigns, and develop brand messaging and positioning. Core skills include paid ads, email marketing, copywriting, social media, and content marketing. Proven track record of delivering results in fast-paced environments and collaborating across teams to drive measurable impact.","Vertex Systems is hiring a Regional Sales Manager (Toronto). In this role you will exceed quarterly sales targets, build and maintain a healthy sales pipeline, negotiate and close deals with new clients, and forecast revenue and report on sales metrics. We are looking for 5+ years of experience and strong skills in B2B sales, account management, negotiation, forecasting, CRM, closing, lead generation, and pipeline management. You should be a collaborative team player who thrives on ownership and impact.",medium,0.61,medium,73,78
"Growth Marketing Manager with 5 years of experience based in Singapore. M.S. in Data Science. Previously at Ridgeline and Umbrella Labs, where I helped to manage paid advertising budgets and optimize ROI, grow organic traffic through SEO and content strategy, and run email and social media marketing programs. Core skills include content marketing, campaign management, brand strategy, social media, copywriting, SEO, email marketing, paid ads, and Google Analytics. Proven track record of delivering results in fast-paced environments and collaborating across teams to drive measurable impact.","Globex is hiring a Business Development Manager (Remote). In this role you will manage and grow a book of business, develop relationships with key accounts, forecast revenue and report on sales metrics, and negotiate and close deals with new clients. We are looking for 2+ years of experience and strong skills in cold outreach, closing, lead generation, CRM, and account management. You should be a collaborative team player who thrives on ownership and impact.",medium,0.5,medium,85,74
"Investment Analyst with 9 years of experience based in San Francisco. B.A. in Marketing. Previously at TechNova and Vertex Systems, where I helped to produce management reporting and dashboards, prepare monthly budget vs actual variance analysis, and build financial models and forecasts. Core skills include budgeting, financial modeling, accounting, SQL, and Power BI. Proven track record of delivering results in fast-paced environments and collaborating across teams to drive measurable impact.","Sonder is hiring a Associate Product Manager (Austin). In this role you will analyze usage data to inform product decisions, align stakeholders around a product vision, gather and synthesize customer and market feedback, and own the product roadmap and prioritize the backlog. We are looking for 4+ years of experience and strong skills in go-to-market, stakeholder management, Scrum, Agile, wireframing, user research, prioritization, analytics, and roadmap planning. You should be a collaborative team player who thrives on ownership and impact.",low,0.22,low,70,80
"Regional Sales Manager with 7 years of experience based in London. B.S. in Computer Science. Previously at Acme Corp and Vertex Systems, where I helped to develop relationships with key accounts, negotiate and close deals with new clients, and forecast revenue and report on sales metrics. Core skills include CRM, forecasting, pipeline management, B2B sales, and Salesforce. Proven track record of delivering results in fast-paced environments and collaborating across teams to drive measurable impact.","Ridgeline is hiring a Business Development Manager (New York). In this role you will develop relationships with key accounts, manage and grow a book of business, negotiate and close deals with new clients, and exceed quarterly sales targets. We are looking for 5+ years of experience and strong skills in closing, cold outreach, pipeline management, CRM, Salesforce, and forecasting. You should be a collaborative team player who thrives on ownership and impact.",high,0.77,high,74,72
"Associate Product Manager with 8 years of experience based in San Francisco. B.A. in Marketing. Previously at Lumen and Kestrel, where I helped to gather and synthesize customer and market feedback, analyze usage data to inform product decisions, and own the product roadmap and prioritize the backlog. Core skills include user research, Scrum, stakeholder management, roadmap planning, A/B testing, and analytics. Proven track record of delivering results in fast-paced environments and collaborating across teams to drive measurable impact.","Northwind is hiring a Product Manager (Seattle). In this role you will align stakeholders around a product vision, gather and synthesize customer and market feedback, own the product roadmap and prioritize the backlog, and work with engineering and design to deliver features. We are looking for 4+ years of experience and strong skills in roadmap planning, wireframing, SQL, Scrum, analytics, prioritization, go-to-market, user research, and A/B testing. You should be a collaborative team player who thrives on ownership and impact.",high,0.9,high,78,80
"BI Analyst with 3 years of experience based in San Francisco. B.S. in Business Administration. Previously at Initech and BrightData, where I helped to automate recurring reporting workflows, build dashboards and reports for business stakeholders, and identify trends and translate them into recommendations. Core skills include Tableau, Python, statistics, Google Analytics, and SQL. Proven track record of delivering results in fast-paced environments and collaborating across teams to drive measurable impact.","Kestrel is hiring a Senior Data Analyst (Seattle). In this role you will support decision-making with clear data storytelling, build dashboards and reports for business stakeholders, maintain data quality and documentation, and automate recurring reporting workflows. We are looking for 3+ years of experience and strong skills in data visualization, Tableau, statistics, Google Analytics, and ETL. You should be a collaborative team player who thrives on ownership and impact.",high,0.89,high,70,69
"Platform Engineer with 11 years of experience based in Bangalore. M.S. in Data Science. Previously at Vertex Systems and Sonder, where I helped to ensure security and scalability of platforms, automate deployment and provisioning workflows, and reduce incident response time and toil. Core skills include Docker, Kubernetes, monitoring, Linux, Python, and CI/CD. Proven track record of delivering results in fast-paced environments and collaborating across teams to drive measurable impact.","Acme Corp is hiring a Cloud Engineer (San Francisco). In this role you will reduce incident response time and toil, manage cloud infrastructure with infrastructure-as-code, improve system reliability, monitoring, and alerting, and ensure security and scalability of platforms. We are looking for 4+ years of experience and strong skills in Kubernetes, monitoring, Python, AWS, Linux, and Prometheus. You should be a collaborative team player who thrives on ownership and impact.",high,0.77,high,69,70
"Content Marketing Manager with 14 years of experience based in Berlin. M.S. in Human-Computer Interaction. Previously at Umbrella Labs and Vertex Systems, where I helped to grow organic traffic through SEO and content strategy, run email and social media marketing programs, and analyze campaign performance and report on KPIs. Core skills include brand strategy, paid ads, HubSpot, Google Analytics, copywriting, and campaign management. Proven track record of delivering results in fast-paced environments and collaborating across teams to drive measurable impact.","TechNova is hiring a Digital Marketing Manager (Singapore). In this role you will plan and execute multi-channel marketing campaigns, grow organic traffic through SEO and content strategy, manage paid advertising budgets and optimize ROI, and run email and social media marketing programs. We are looking for 5+ years of experience and strong skills in SEO, email marketing, brand strategy, paid ads, social media, copywriting, content marketing, and campaign management. You should be a collaborative team player who thrives on ownership and impact.",high,0.76,high,80,82
"Senior Data Scientist with 12 years of experience based in Austin. B.S. in Finance. Previously at Umbrella Labs and Northwind, where I helped to communicate findings to non-technical stakeholders, build and deploy machine learning models to production, and translate business problems into data science solutions. Core skills include data visualization, NLP, pandas, machine learning, TensorFlow, deep learning, PyTorch, and A/B testing. Proven track record of delivering results in fast-paced environments and collaborating across teams to drive measurable impact.","Vertex Systems is hiring a Applied Scientist (Remote). In this role you will communicate findings to non-technical stakeholders, build and deploy machine learning models to production, run experiments and A/B tests to guide product decisions, and clean, transform, and analyze large datasets. We are looking for 3+ years of experience and strong skills in R, deep learning, PyTorch, SQL, statistics, Python, TensorFlow, A/B testing, and NumPy. You should be a collaborative team player who thrives on ownership and impact.",high,0.78,high,78,79
"Account Executive with 6 years of experience based in Berlin. B.Eng. in Software Engineering. Previously at Acme Corp and Fathom, where I helped to build and maintain a healthy sales pipeline, negotiate and close deals with new clients, and exceed quarterly sales targets. Core skills include cold outreach, forecasting, pipeline management, account management, CRM, B2B sales, and negotiation. Proven track record of delivering results in fast-paced environments and collaborating across teams to drive measurable impact.","Acme Corp is hiring a Group Product Manager (London). In this role you will align stakeholders around a product vision, analyze usage data to inform product decisions, gather and synthesize customer and market feedback, and work with engineering and design to deliver features. We are looking for 3+ years of experience and strong skills in A/B testing, prioritization, roadmap planning, stakeholder management, go-to-market, analytics, wireframing, SQL, and user research. You should be a collaborative team player who thrives on ownership and impact.",low,0.06,low,75,82
"Content Marketing Manager with 15 years of experience based in San Francisco. B.Eng. in Software Engineering. Previously at TechNova and Initech, where I helped to develop brand messaging and positioning, grow organic traffic through SEO and content strategy, and analyze campaign performance and report on KPIs. Core skills include HubSpot, content marketing, Google Analytics, SEO, brand strategy, copywriting, social media, and campaign management. Proven track record of delivering results in fast-paced environments and collaborating across teams to drive measurable impact.","Umbrella Labs is hiring a Group Product Manager (Seattle). In this role you will align stakeholders around a product vision, own the product roadmap and prioritize the backlog, analyze usage data to inform product decisions, and work with engineering and design to deliver features. We are looking for 2+ years of experience and strong skills in roadmap planning, SQL, user research, go-to-market, and analytics. You should be a collaborative team player who thrives on ownership and impact.",low,0.23,low,80,77
"Senior Software Engineer with 5 years of experience based in Toronto. B.Eng. in Software Engineering. Previously at Nimbus and TechNova, where I helped to design and build scalable backend services, optimize application performance and reliability, and participate in code reviews and technical design discussions. Core skills include React, Kubernetes, AWS, REST APIs, Docker, Node.js, and CI/CD. Proven track record of delivering results in fast-paced environments and collaborating across teams to drive measurable impact.","Northwind is hiring a Full Stack Developer (Austin). In this role you will develop and maintain RESTful APIs, participate in code reviews and technical design discussions, design and build scalable backend services, and collaborate with cross-functional teams to ship features. We are looking for 3+ years of experience and strong skills in CI/CD, Java, REST APIs, GraphQL, Python, and microservices. You should be a collaborative team player who thrives on ownership and impact.",high,0.84,high,73,73
"Account Executive with 2 years of experience based in Austin. B.S. in Finance. Previously at Nimbus and Ridgeline, where I helped to negotiate and close deals with new clients, build and maintain a healthy sales pipeline, and exceed quarterly sales targets. Core skills include cold outreach, lead generation, account management, forecasting, closing, and negotiation. Proven track record of delivering results in fast-paced environments and collaborating across teams to drive measurable impact.","Fathom is hiring a Talent Acquisition Manager (New York). In this role you will drive engagement and retention initiatives, partner with leaders on org design and headcount planning, lead full-cycle recruiting and onboarding, and own compensation and benefits administration. We are looking for 3+ years of experience and strong skills in talent acquisition, performance management, compensation, coaching, HRIS, and compliance. You should be a collaborative team player who thrives on ownership and impact.",medium,0.55,medium,71,73
"Content Marketing Manager with 1 years of experience based in Austin. B.S. in Finance. Previously at Fathom and Sonder, where I helped to analyze campaign performance and report on KPIs, plan and execute multi-channel marketing campaigns, and grow organic traffic through SEO and content strategy. Core skills include paid ads, content marketing, HubSpot, Google Analytics, SEO, brand strategy, and copywriting. Proven track record of delivering results in fast-paced environments and collaborating across teams to drive measurable impact.","Initech is hiring a Content Marketing Manager (New York). In this role you will analyze campaign performance and report on KPIs, plan and execute multi-channel marketing campaigns, manage paid advertising budgets and optimize ROI, and develop brand messaging and positioning. We are looking for 2+ years of experience and strong skills in SEO, copywriting, HubSpot, social media, campaign management, Google Analytics, and content marketing. You should be a collaborative team player who thrives on ownership and impact.",high,0.86,high,77,77
"Senior Product Manager with 4 years of experience based in Remote. B.S. in Statistics. Previously at Acme Corp and Umbrella Labs, where I helped to work with engineering and design to deliver features, gather and synthesize customer and market feedback, and own the product roadmap and prioritize the backlog. Core skills include analytics, SQL, Agile, roadmap planning, and Scrum. Proven track record of delivering results in fast-paced environments and collaborating across teams to drive measurable impact.","Cobalt is hiring a Senior UX Designer (Austin). In this role you will create wireframes, prototypes, and high-fidelity mockups, design intuitive user flows and interfaces, advocate for accessible, user-centered design, and maintain and evolve the design system. We are looking for 5+ years of experience and strong skills in design systems, Figma, user research, interaction design, prototyping, wireframing, Adobe XD, accessibility, and usability testing. You should be a collaborative team player who thrives on ownership and impact.",medium,0.5,medium,76,77
"DevOps Engineer with 3 years of experience based in Bangalore. M.S. in Human-Computer Interaction. Previously at Initech and TechNova, where I helped to reduce incident response time and toil, build and maintain CI/CD pipelines, and manage cloud infrastructure with infrastructure-as-code. Core skills include CI/CD, Python, Terraform, Kubernetes, monitoring, Linux, and Prometheus. Proven track record of delivering results in fast-paced environments and collaborating across teams to drive measurable impact.","Ridgeline is hiring a Digital Marketing Manager (Remote). In this role you will manage paid advertising budgets and optimize ROI, run email and social media marketing programs, plan and execute multi-channel marketing campaigns, and grow organic traffic through SEO and content strategy. We are looking for 4+ years of experience and strong skills in email marketing, social media, SEO, Google Analytics, paid ads, content marketing, HubSpot, and campaign management. You should be a collaborative team player who thrives on ownership and impact.",low,0.09,low,68,82
"Business Development Manager with 2 years of experience based in San Francisco. B.A. in Marketing. Previously at Lumen and Acme Corp, where I helped to build and maintain a healthy sales pipeline, negotiate and close deals with new clients, and exceed quarterly sales targets. Core skills include Salesforce, pipeline management, forecasting, cold outreach, B2B sales, lead generation, CRM, and negotiation. Proven track record of delivering results in fast-paced environments and collaborating across teams to drive measurable impact.","TechNova is hiring a Account Executive (Bangalore). In this role you will build and maintain a healthy sales pipeline, forecast revenue and report on sales metrics, exceed quarterly sales targets, and negotiate and close deals with new clients. We are looking for 4+ years of experience and strong skills in pipeline management, B2B sales, Salesforce, CRM, negotiation, cold outreach, and forecasting. You should be a collaborative team player who thrives on ownership and impact.",high,0.85,high,77,74
"Senior Financial Analyst with 11 years of experience based in Singapore. B.S. in Business Administration. Previously at Northwind and TechNova, where I helped to prepare monthly budget vs actual variance analysis, produce management reporting and dashboards, and support annual planning and budgeting cycles. Core skills include variance analysis, financial modeling, Excel, accounting, forecasting, and GAAP. Proven track record of delivering results in fast-paced environments and collaborating across teams to drive measurable impact.","Nimbus is hiring a FP&A Analyst (New York). In this role you will analyze business performance and profitability, build financial models and forecasts, partner with department heads on cost control, and prepare monthly budget vs actual variance analysis. We are looking for 5+ years of experience and strong skills in financial modeling, variance analysis, budgeting, valuation, financial reporting, accounting, and GAAP. You should be a collaborative team player who thrives on ownership and impact.",high,0.21,high,72,74
"People Operations Manager with 9 years of experience based in Remote. MBA. Previously at Kestrel and Vertex Systems, where I helped to lead full-cycle recruiting and onboarding, manage employee relations and performance processes, and drive engagement and retention initiatives. Core skills include employee relations, coaching, benefits, compensation, performance management, HRIS, compliance, and recruiting. Proven track record of delivering results in fast-paced environments and collaborating across teams to drive measurable impact.","TechNova is hiring a Business Analyst (Singapore). In this role you will support decision-making with clear data storytelling, automate recurring reporting workflows, build dashboards and reports for business stakeholders, and maintain data quality and documentation. We are looking for 4+ years of experience and strong skills in Google Analytics, Power BI, dashboards, data visualization, and ETL. You should be a collaborative team player who thrives on ownership and impact.",low,0.34,low,70,69
"People Operations Manager with 15 years of experience based in Berlin. B.S. in Business Administration. Previously at Sonder and Globex, where I helped to manage employee relations and performance processes, own compensation and benefits administration, and lead full-cycle recruiting and onboarding. Core skills include talent acquisition, benefits, employee relations, coaching, and performance management. Proven track record of delivering results in fast-paced environments and collaborating across teams to drive measurable impact.","Acme Corp is hiring a Senior UX Designer (San Francisco). In this role you will maintain and evolve the design system, advocate for accessible, user-centered design, collaborate closely with product and engineering, and create wireframes, prototypes, and high-fidelity mockups. We are looking for 5+ years of experience and strong skills in interaction design, prototyping, accessibility, wireframing, design systems, Figma, usability testing, and Adobe XD. You should be a collaborative team player who thrives on ownership and impact.",low,0.28,low,70,77
"Backend Engineer with 9 years of experience based in Bangalore. B.S. in Computer Science. Previously at Fathom and Acme Corp, where I helped to optimize application performance and reliability, collaborate with cross-functional teams to ship features, and write clean, testable, well-documented code. Core skills include REST APIs, Java, Python, Git, TypeScript, GraphQL, Node.js, and React. Proven track record of delivering results in fast-paced environments and collaborating across teams to drive measurable impact.","Globex is hiring a UX/UI Designer (Bangalore). In this role you will conduct user research and usability testing, advocate for accessible, user-centered design, create wireframes, prototypes, and high-fidelity mockups, and collaborate closely with product and engineering. We are looking for 2+ years of experience and strong skills in user research, accessibility, wireframing, interaction design, Figma, Sketch, design systems, and usability testing. You should be a collaborative team player who thrives on ownership and impact.",medium,0.63,medium,72,74
"Senior Product Manager with 12 years of experience based in London. MBA. Previously at Vertex Systems and TechNova, where I helped to analyze usage data to inform product decisions, work with engineering and design to deliver features, and define product requirements and success metrics. Core skills include user research, stakeholder management, go-to-market, Agile, wireframing, and A/B testing. Proven track record of delivering results in fast-paced environments and collaborating across teams to drive measurable impact.","Initech is hiring a UX/UI Designer (New York). In this role you will collaborate closely with product and engineering, advocate for accessible, user-centered design, design intuitive user flows and interfaces, and create wireframes, prototypes, and high-fidelity mockups. We are looking for 3+ years of experience and strong skills in Sketch, user research, design systems, wireframing, prototyping, usability testing, accessibility, Adobe XD, and interaction design. You should be a collaborative team player who thrives on ownership and impact.",medium,0.5,medium,74,77
"Software Engineer with 3 years of experience based in Seattle. B.A. in Marketing. Previously at BrightData and Ridgeline, where I helped to optimize application performance and reliability, write clean, testable, well-documented code, and collaborate with cross-functional teams to ship features. Core skills include GraphQL, CI/CD, Python, Java, Docker, REST APIs, microservices, and TypeScript. Proven track record of delivering results in fast-paced environments and collaborating across teams to drive measurable impact.","Cobalt is hiring a Cloud Engineer (Toronto). In this role you will build and maintain CI/CD pipelines, automate deployment and provisioning workflows, reduce incident response time and toil, and manage cloud infrastructure with infrastructure-as-code. We are looking for 4+ years of experience and strong skills in Terraform, Prometheus, Ansible, Docker, Linux, CI/CD, and Python. You should be a collaborative team player who thrives on ownership and impact.",medium,0.6,medium,70,67
"Senior Product Manager with 4 years of experience based in San Francisco. B.S. in Computer Science. Previously at Ridgeline and Vertex Systems, where I helped to own the product roadmap and prioritize the backlog, analyze usage data to inform product decisions, and define product requirements and success metrics. Core skills include Agile, roadmap planning, user research, prioritization, analytics, wireframing, and stakeholder management. Proven track record of delivering results in fast-paced environments and collaborating across teams to drive measurable impact.","Sonder is hiring a Senior UX Designer (Seattle). In this role you will conduct user research and usability testing, advocate for accessible, user-centered design, design intuitive user flows and interfaces, and create wireframes, prototypes, and high-fidelity mockups. We are looking for 2+ years of experience and strong skills in Sketch, design systems, user research, prototyping, and accessibility. You should be a collaborative team player who thrives on ownership and impact.",medium,0.59,medium,79,70
"Senior UX Designer with 8 years of experience based in New York. B.A. in Economics. Previously at Fathom and Lumen, where I helped to conduct user research and usability testing, collaborate closely with product and engineering, and design intuitive user flows and interfaces. Core skills include interaction design, wireframing, design systems, user research, and accessibility. Proven track record of delivering results in fast-paced environments and collaborating across teams to drive measurable impact.","Northwind is hiring a Data Scientist (Berlin). In this role you will translate business problems into data science solutions, develop predictive models and evaluate their performance, build and deploy machine learning models to production, and run experiments and A/B tests to guide product decisions. We are looking for 5+ years of experience and strong skills in TensorFlow, Python, pandas, SQL, and statistics. You should be a collaborative team player who thrives on ownership and impact.",low,0.21,low,72,75
"Applied Scientist with 9 years of experience based in Seattle. B.Eng. in Software Engineering. Previously at Nimbus and Fathom, where I helped to communicate findings to non-technical stakeholders, translate business problems into data science solutions, and build and deploy machine learning models to production. Core skills include scikit-learn, machine learning, NumPy, SQL, deep learning, and pandas. Proven track record of delivering results in fast-paced environments and collaborating across teams to drive measurable impact.","Kestrel is hiring a Site Reliability Engineer (Seattle). In this role you will automate deployment and provisioning workflows, manage cloud infrastructure with infrastructure-as-code, build and maintain CI/CD pipelines, and improve system reliability, monitoring, and alerting. We are looking for 4+ years of experience and strong skills in CI/CD, GitOps, Ansible, Jenkins, Linux, AWS, Python, and Prometheus. You should be a collaborative team player who thrives on ownership and impact.",medium,0.59,medium,73,69
"Platform Engineer with 5 years of experience based in Austin. B.S. in Business Administration. Previously at Fathom and Vertex Systems, where I helped to improve system reliability, monitoring, and alerting, manage cloud infrastructure with infrastructure-as-code, and build and maintain CI/CD pipelines. Core skills include Kubernetes, GitOps, Terraform, Jenkins, and monitoring. Proven track record of delivering results in fast-paced environments and collaborating across teams to drive measurable impact.","BrightData is hiring a UX/UI Designer (Seattle). In this role you will conduct user research and usability testing, collaborate closely with product and engineering, advocate for accessible, user-centered design, and maintain and evolve the design system. We are looking for 2+ years of experience and strong skills in wireframing, design systems, Figma, interaction design, prototyping, Adobe XD, and user research. You should be a collaborative team player who thrives on ownership and impact.",low,0.32,low,67,73
"HR Business Partner with 7 years of experience based in Singapore. B.S. in Computer Science. Previously at Globex and Northwind, where I helped to manage employee relations and performance processes, partner with leaders on org design and headcount planning, and own compensation and benefits administration. Core skills include compliance, coaching, employee relations, recruiting, onboarding, performance management, talent acquisition, and HRIS. Proven track record of delivering results in fast-paced environments and collaborating across teams to drive measurable impact.","Globex is hiring a Regional Sales Manager (San Francisco). In this role you will develop relationships with key accounts, build and maintain a healthy sales pipeline, forecast revenue and report on sales metrics, and manage and grow a book of business. We are looking for 3+ years of experience and strong skills in cold outreach, Salesforce, closing, lead generation, pipeline management, account management, CRM, B2B sales, and forecasting. You should be a collaborative team player who thrives on ownership and impact.",medium,0.59,medium,77,81
"Applied Scientist with 11 years of experience based in Berlin. B.A. in Marketing. Previously at Northwind and Umbrella Labs, where I helped to communicate findings to non-technical stakeholders, build and deploy machine learning models to production, and clean, transform, and analyze large datasets. Core skills include A/B testing, data visualization, SQL, R, scikit-learn, and statistics. Proven track record of delivering results in fast-paced environments and collaborating across teams to drive measurable impact.","Lumen is hiring a Cloud Engineer (Singapore). In this role you will reduce incident response time and toil, ensure security and scalability of platforms, build and maintain CI/CD pipelines, and automate deployment and provisioning workflows. We are looking for 2+ years of experience and strong skills in Kubernetes, AWS, Python, CI/CD, and Docker. You should be a collaborative team player who thrives on ownership and impact.",medium,0.57,medium,72,66
"Machine Learning Engineer with 9 years of experience based in Bangalore. B.Eng. in Software Engineering. Previously at TechNova and Sonder, where I helped to translate business problems into data science solutions, build and deploy machine learning models to production, and communicate findings to non-technical stakeholders. Core skills include machine learning, pandas, PyTorch, A/B testing, deep learning, Python, R, and NLP. Proven track record of delivering results in fast-paced environments and collaborating across teams to drive measurable impact.","Umbrella Labs is hiring a Senior Data Scientist (London). In this role you will translate business problems into data science solutions, clean, transform, and analyze large datasets, build and deploy machine learning models to production, and run experiments and A/B tests to guide product decisions. We are looking for 2+ years of experience and strong skills in pandas, SQL, machine learning, TensorFlow, Python, and NumPy. You should be a collaborative team player who thrives on ownership and impact.",high,0.91,high,77,78
"Associate Product Manager with 4 years of experience based in Bangalore. MBA. Previously at Acme Corp and TechNova, where I helped to define product requirements and success metrics, work with engineering and design to deliver features, and own the product roadmap and prioritize the backlog. Core skills include user research, Agile, stakeholder management, Scrum, prioritization, roadmap planning, SQL, A/B testing, and go-to-market. Proven track record of delivering results in fast-paced environments and collaborating across teams to drive measurable impact.","Cobalt is hiring a Site Reliability Engineer (San Francisco). In this role you will reduce incident response time and toil, manage cloud infrastructure with infrastructure-as-code, improve system reliability, monitoring, and alerting, and ensure security and scalability of platforms. We are looking for 4+ years of experience and strong skills in Ansible, Kubernetes, monitoring, Linux, and GitOps. You should be a collaborative team player who thrives on ownership and impact.",low,0.13,low,79,69
"Senior Product Manager with 4 years of experience based in Bangalore. B.S. in Finance. Previously at Ridgeline and Cobalt, where I helped to own the product roadmap and prioritize the backlog, gather and synthesize customer and market feedback, and align stakeholders around a product vision. Core skills include SQL, Agile, prioritization, A/B testing, analytics, roadmap planning, user research, go-to-market, and Scrum. Proven track record of delivering results in fast-paced environments and collaborating across teams to drive measurable impact.","Lumen is hiring a UX/UI Designer (Singapore). In this role you will advocate for accessible, user-centered design, maintain and evolve the design system, create wireframes, prototypes, and high-fidelity mockups, and collaborate closely with product and engineering. We are looking for 3+ years of experience and strong skills in design systems, wireframing, interaction design, accessibility, Sketch, usability testing, Adobe XD, user research, and prototyping. You should be a collaborative team player who thrives on ownership and impact.",medium,0.43,medium,78,76
"Financial Analyst with 13 years of experience based in Austin. B.S. in Computer Science. Previously at Acme Corp and Initech, where I helped to partner with department heads on cost control, analyze business performance and profitability, and build financial models and forecasts. Core skills include valuation, SQL, Excel, accounting, financial reporting, and GAAP. Proven track record of delivering results in fast-paced environments and collaborating across teams to drive measurable impact.","Globex is hiring a Senior Financial Analyst (San Francisco). In this role you will partner with department heads on cost control, produce management reporting and dashboards, support annual planning and budgeting cycles, and analyze business performance and profitability. We are looking for 3+ years of experience and strong skills in forecasting, accounting, variance analysis, GAAP, financial reporting, Power BI, Excel, and financial modeling. You should be a collaborative team player who thrives on ownership and impact.",high,0.82,high,70,76
"People Operations Manager with 11 years of experience based in Bangalore. B.S. in Finance. Previously at TechNova and BrightData, where I helped to own compensation and benefits administration, lead full-cycle recruiting and onboarding, and drive engagement and retention initiatives. Core skills include benefits, HRIS, talent acquisition, employee relations, onboarding, compensation, compliance, and coaching. Proven track record of delivering results in fast-paced environments and collaborating across teams to drive measurable impact.","Cobalt is hiring a HR Manager (Bangalore). In this role you will drive engagement and retention initiatives, ensure HR policies and compliance are up to date, own compensation and benefits administration, and partner with leaders on org design and headcount planning. We are looking for 5+ years of experience and strong skills in employee relations, compliance, HRIS, benefits, recruiting, coaching, performance management, and onboarding. You should be a collaborative team player who thrives on ownership and impact.",high,0.92,high,70,77
"HR Manager with 5 years of experience based in Bangalore. B.S. in Finance. Previously at Vertex Systems and Ridgeline, where I helped to ensure HR policies and compliance are up to date, drive engagement and retention initiatives, and own compensation and benefits administration. Core skills include benefits, recruiting, coaching, HRIS, compliance, compensation, talent acquisition, and employee relations. Proven track record of delivering results in fast-paced environments and collaborating across teams to drive measurable impact.","Nimbus is hiring a Talent Acquisition Manager (San Francisco). In this role you will partner with leaders on org design and headcount planning, lead full-cycle recruiting and onboarding, drive engagement and retention initiatives, and manage employee relations and performance processes. We are looking for 3+ years of experience and strong skills in coaching, compensation, performance management, compliance, employee relations, recruiting, talent acquisition, onboarding, and benefits. You should be a collaborative team player who thrives on ownership and impact.",high,0.82,high,74,78
"Software Engineer with 4 years of experience based in Berlin. B.S. in Computer Science. Previously at Acme Corp and Cobalt, where I helped to collaborate with cross-functional teams to ship features, develop and maintain RESTful APIs, and write clean, testable, well-documented code. Core skills include CI/CD, TypeScript, Kubernetes, REST APIs, JavaScript, and GraphQL. Proven track record of delivering results in fast-paced environments and collaborating across teams to drive measurable impact.","Sonder is hiring a Full Stack Developer (New York). In this role you will optimize application performance and reliability, develop and maintain RESTful APIs, participate in code reviews and technical design discussions, and design and build scalable backend services. We are looking for 5+ years of experience and strong skills in Git, REST APIs, TypeScript, Kubernetes, Python, Java, and CI/CD. You should be a collaborative team player who thrives on ownership and impact.",high,0.93,high,70,73
"Digital Marketing Manager with 5 years of experience based in London. M.S. in Data Science. Previously at Cobalt and TechNova, where I helped to develop brand messaging and positioning, run email and social media marketing programs, and manage paid advertising budgets and optimize ROI. Core skills include HubSpot, email marketing, brand strategy, social media, copywriting, content marketing, paid ads, and Google Analytics. Proven track record of delivering results in fast-paced environments and collaborating across teams to drive measurable impact.","Fathom is hiring a Marketing Manager (Seattle). In this role you will grow organic traffic through SEO and content strategy, analyze campaign performance and report on KPIs, plan and execute multi-channel marketing campaigns, and run email and social media marketing programs. We are looking for 5+ years of experience and strong skills in campaign management, social media, paid ads, content marketing, SEO, and email marketing. You should be a collaborative team player who thrives on ownership and impact.",high,0.79,high,79,78
"Platform Engineer with 5 years of experience based in Toronto. MBA. Previously at Acme Corp and Ridgeline, where I helped to improve system reliability, monitoring, and alerting, reduce incident response time and toil, and build and maintain CI/CD pipelines. Core skills include Python, GitOps, monitoring, AWS, Prometheus, and Kubernetes. Proven track record of delivering results in fast-paced environments and collaborating across teams to drive measurable impact.","Ridgeline is hiring a Full Stack Developer (Bangalore). In this role you will develop and maintain RESTful APIs, collaborate with cross-functional teams to ship features, write clean, testable, well-documented code, and participate in code reviews and technical design discussions. We are looking for 4+ years of experience and strong skills in Node.js, GraphQL, Kubernetes, microservices, CI/CD, Java, and React. You should be a collaborative team player who thrives on ownership and impact.",medium,0.68,medium,66,72
"BI Analyst with 1 years of experience based in Singapore. M.S. in Data Science. Previously at Globex and BrightData, where I helped to support decision-making with clear data storytelling, identify trends and translate them into recommendations, and automate recurring reporting workflows. Core skills include ETL, statistics, Python, Google Analytics, data visualization, Tableau, Excel, SQL, and reporting. Proven track record of delivering results in fast-paced environments and collaborating across teams to drive measurable impact.","Nimbus is hiring a Senior Financial Analyst (London). In this role you will build financial models and forecasts, support annual planning and budgeting cycles, partner with department heads on cost control, and produce management reporting and dashboards. We are looking for 5+ years of experience and strong skills in accounting, variance analysis, financial reporting, valuation, and SQL. You should be a collaborative team player who thrives on ownership and impact.",medium,0.48,medium,73,70
"Regional Sales Manager with 13 years of experience based in New York. B.A. in Marketing. Previously at Umbrella Labs and Initech, where I helped to exceed quarterly sales targets, build and maintain a healthy sales pipeline, and forecast revenue and report on sales metrics. Core skills include CRM, cold outreach, negotiation, lead generation, forecasting, Salesforce, pipeline management, closing, and B2B sales. Proven track record of delivering results in fast-paced environments and collaborating across teams to drive measurable impact.","Vertex Systems is hiring a Business Development Manager (Singapore). In this role you will build and maintain a healthy sales pipeline, manage and grow a book of business, exceed quarterly sales targets, and forecast revenue and report on sales metrics. We are looking for 5+ years of experience and strong skills in lead generation, pipeline management, negotiation, forecasting, Salesforce, CRM, and B2B sales. You should be a collaborative team player who thrives on ownership and impact.",high,0.93,high,78,76
"Data Analyst with 9 years of experience based in San Francisco. M.S. in Data Science. Previously at Nimbus and Kestrel, where I helped to build dashboards and reports for business stakeholders, support decision-making with clear data storytelling, and identify trends and translate them into recommendations. Core skills include Google Analytics, Excel, data visualization, statistics, reporting, Python, Tableau, and Power BI. Proven track record of delivering results in fast-paced environments and collaborating across teams to drive measurable impact.","Initech is hiring a Machine Learning Engineer (San Francisco). In this role you will communicate findings to non-technical stakeholders, run experiments and A/B tests to guide product decisions, translate business problems into data science solutions, and build and deploy machine learning models to production. We are looking for 5+ years of experience and strong skills in Python, TensorFlow, data visualization, A/B testing, PyTorch, SQL, NLP, and deep learning. You should be a collaborative team player who thrives on ownership and impact.",medium,0.7,medium,77,81
"Full Stack Developer with 1 years of experience based in Seattle. MBA. Previously at Vertex Systems and Acme Corp, where I helped to optimize application performance and reliability, collaborate with cross-functional teams to ship features, and develop and maintain RESTful APIs. Core skills include Java, Kubernetes, AWS, CI/CD, microservices, Node.js, Docker, REST APIs, and Python. Proven track record of delivering results in fast-paced environments and collaborating across teams to drive measurable impact.","Fathom is hiring a Data Scientist (Singapore). In this role you will run experiments and A/B tests to guide product decisions, clean, transform, and analyze large datasets, build and deploy machine learning models to production, and communicate findings to non-technical stakeholders. We are looking for 3+ years of experience and strong skills in data visualization, PyTorch, deep learning, statistics, R, machine learning, Python, and pandas. You should be a collaborative team player who thrives on ownership and impact.",medium,0.69,medium,72,78
"Applied Scientist with 14 years of experience based in Bangalore. B.A. in Marketing. Previously at BrightData and Globex, where I helped to clean, transform, and analyze large datasets, build and deploy machine learning models to production, and develop predictive models and evaluate their performance. Core skills include pandas, Python, NLP, machine learning, NumPy, PyTorch, deep learning, and TensorFlow. Proven track record of delivering results in fast-paced environments and collaborating across teams to drive measurable impact.","Acme Corp is hiring a Platform Engineer (San Francisco). In this role you will automate deployment and provisioning workflows, ensure security and scalability of platforms, improve system reliability, monitoring, and alerting, and manage cloud infrastructure with infrastructure-as-code. We are looking for 4+ years of experience and strong skills in Ansible, Kubernetes, GitOps, AWS, monitoring, Prometheus, Terraform, and CI/CD. You should be a collaborative team player who thrives on ownership and impact.",medium,0.48,medium,75,71
"BI Analyst with 8 years of experience based in New York. M.S. in Data Science. Previously at Globex and TechNova, where I helped to write SQL queries to extract and analyze data, identify trends and translate them into recommendations, and build dashboards and reports for business stakeholders. Core skills include Power BI, reporting, Excel, dashboards, and Google Analytics. Proven track record of delivering results in fast-paced environments and collaborating across teams to drive measurable impact.","Globex is hiring a Account Executive (Remote). In this role you will negotiate and close deals with new clients, forecast revenue and report on sales metrics, develop relationships with key accounts, and exceed quarterly sales targets. We are looking for 2+ years of experience and strong skills in lead generation, negotiation, CRM, closing, cold outreach, pipeline management, Salesforce, and B2B sales. You should be a collaborative team player who thrives on ownership and impact.",low,0.1,low,75,74
"Business Analyst with 13 years of experience based in Berlin. B.S. in Finance. Previously at TechNova and Globex, where I helped to automate recurring reporting workflows, write SQL queries to extract and analyze data, and build dashboards and reports for business stakeholders. Core skills include statistics, data visualization, reporting, SQL, Excel, Power BI, Python, and Google Analytics. Proven track record of delivering results in fast-paced environments and collaborating across teams to drive measurable impact.","Acme Corp is hiring a Data Analyst (Austin). In this role you will maintain data quality and documentation, automate recurring reporting workflows, write SQL queries to extract and analyze data, and support decision-making with clear data storytelling. We are looking for 5+ years of experience and strong skills in reporting, data visualization, Excel, statistics, and ETL. You should be a collaborative team player who thrives on ownership and impact.",high,0.89,high,74,69
"Product Designer with 14 years of experience based in Singapore. B.S. in Business Administration. Previously at Fathom and TechNova, where I helped to conduct user research and usability testing, maintain and evolve the design system, and advocate for accessible, user-centered design. Core skills include user research, Adobe XD, Sketch, prototyping, and design systems. Proven track record of delivering results in fast-paced environments and collaborating across teams to drive measurable impact.","Ridgeline is hiring a HR Business Partner (Remote). In this role you will lead full-cycle recruiting and onboarding, drive engagement and retention initiatives, manage employee relations and performance processes, and ensure HR policies and compliance are up to date. We are looking for 4+ years of experience and strong skills in onboarding, benefits, performance management, coaching, employee relations, HRIS, and recruiting. You should be a collaborative team player who thrives on ownership and impact.",low,0.21,low,70,74
"Senior Data Analyst with 14 years of experience based in Seattle. B.S. in Business Administration. Previously at Initech and Northwind, where I helped to support decision-making with clear data storytelling, write SQL queries to extract and analyze data, and build dashboards and reports for business stakeholders. Core skills include dashboards, SQL, Google Analytics, Power BI, data visualization, Excel, Tableau, reporting, and ETL. Proven track record of delivering results in fast-paced environments and collaborating across teams to drive measurable impact.","Initech is hiring a Senior Data Scientist (London). In this role you will build and deploy machine learning models to production, clean, transform, and analyze large datasets, communicate findings to non-technical stakeholders, and develop predictive models and evaluate their performance. We are looking for 5+ years of experience and strong skills in NumPy, A/B testing, NLP, data visualization, and deep learning. You should be a collaborative team player who thrives on ownership and impact.",medium,0.69,medium,79,74
"Senior Data Scientist with 4 years of experience based in Seattle. B.S. in Computer Science. Previously at Globex and Northwind, where I helped to run experiments and A/B tests to guide product decisions, build and deploy machine learning models to production, and clean, transform, and analyze large datasets. Core skills include pandas, scikit-learn, data visualization, machine learning, Python, statistics, NLP, deep learning, and R. Proven track record of delivering results in fast-paced environments and collaborating across teams to drive measurable impact.","Sonder is hiring a Sales Manager (New York). In this role you will manage and grow a book of business, negotiate and close deals with new clients, forecast revenue and report on sales metrics, and exceed quarterly sales targets. We are looking for 5+ years of experience and strong skills in account management, pipeline management, B2B sales, closing, and CRM. You should be a collaborative team player who thrives on ownership and impact.",low,0.25,low,81,73
"BI Analyst with 13 years of experience based in Berlin. MBA. Previously at Northwind and Cobalt, where I helped to write SQL queries to extract and analyze data, build dashboards and reports for business stakeholders, and maintain data quality and documentation. Core skills include data visualization, ETL, reporting, Tableau, Power BI, and SQL. Proven track record of delivering results in fast-paced environments and collaborating across teams to drive measurable impact.","Initech is hiring a Financial Analyst (Remote). In this role you will build financial models and forecasts, support annual planning and budgeting cycles, produce management reporting and dashboards, and prepare monthly budget vs actual variance analysis. We are looking for 2+ years of experience and strong skills in GAAP, valuation, budgeting, financial modeling, Power BI, and accounting. You should be a collaborative team player who thrives on ownership and impact.",medium,0.58,medium,70,70
"Sales Manager with 1 years of experience based in Toronto. MBA. Previously at Lumen and Northwind, where I helped to forecast revenue and report on sales metrics, develop relationships with key accounts, and manage and grow a book of business. Core skills include cold outreach, pipeline management, B2B sales, lead generation, and account management. Proven track record of delivering results in fast-paced environments and collaborating across teams to drive measurable impact.","Fathom is hiring a Business Development Manager (Singapore). In this role you will negotiate and close deals with new clients, exceed quarterly sales targets, manage and grow a book of business, and develop relationships with key accounts. We are looking for 4+ years of experience and strong skills in account management, cold outreach, Salesforce, pipeline management, CRM, and closing. You should be a collaborative team player who thrives on ownership and impact.",high,0.85,high,71,72
"Investment Analyst with 13 years of experience based in New York. MBA. Previously at Vertex Systems and Globex, where I helped to produce management reporting and dashboards, build financial models and forecasts, and prepare monthly budget vs actual variance analysis. Core skills include forecasting, variance analysis, financial modeling, financial reporting, SQL, budgeting, Power BI, accounting, and valuation. Proven track record of delivering results in fast-paced environments and collaborating across teams to drive measurable impact.","Nimbus is hiring a Financial Analyst (Seattle). In this role you will partner with department heads on cost control, produce management reporting and dashboards, prepare monthly budget vs actual variance analysis, and support annual planning and budgeting cycles. We are looking for 3+ years of experience and strong skills in valuation, Power BI, forecasting, variance analysis, Excel, financial modeling, SQL, and accounting. You should be a collaborative team player who thrives on ownership and impact.",high,0.07,high,74,75
"Investment Analyst with 13 years of experience based in London. B.S. in Business Administration. Previously at Ridgeline and Nimbus, where I helped to analyze business performance and profitability, support annual planning and budgeting cycles, and produce management reporting and dashboards. Core skills include SQL, valuation, variance analysis, GAAP, Power BI, budgeting, financial reporting, Excel, and forecasting. Proven track record of delivering results in fast-paced environments and collaborating across teams to drive measurable impact.","Ridgeline is hiring a FP&A Analyst (San Francisco). In this role you will analyze business performance and profitability, produce management reporting and dashboards, support annual planning and budgeting cycles, and partner with department heads on cost control. We are looking for 3+ years of experience and strong skills in financial modeling, accounting, GAAP, Excel, forecasting, budgeting, valuation, and Power BI. You should be a collaborative team player who thrives on ownership and impact.",high,0.8,high,73,73
"Account Executive with 15 years of experience based in Bangalore. B.S. in Computer Science. Previously at Initech and Acme Corp, where I helped to exceed quarterly sales targets, negotiate and close deals with new clients, and manage and grow a book of business. Core skills include CRM, account management, closing, Salesforce, pipeline management, and lead generation. Proven track record of delivering results in fast-paced environments and collaborating across teams to drive measurable impact.","Vertex Systems is hiring a Senior Product Manager (New York). In this role you will gather and synthesize customer and market feedback, align stakeholders around a product vision, work with engineering and design to deliver features, and define product requirements and success metrics. We are looking for 4+ years of experience and strong skills in Scrum, A/B testing, wireframing, roadmap planning, stakeholder management, analytics, Agile, prioritization, and SQL. You should be a collaborative team player who thrives on ownership and impact.",low,0.06,low,73,81
"BI Analyst with 4 years of experience based in Seattle. M.S. in Data Science. Previously at Nimbus and Acme Corp, where I helped to maintain data quality and documentation, identify trends and translate them into recommendations, and automate recurring reporting workflows. Core skills include Google Analytics, dashboards, Power BI, SQL, Excel, statistics, reporting, Tableau, and Python. Proven track record of delivering results in fast-paced environments and collaborating across teams to drive measurable impact.","Fathom is hiring a Data Scientist (San Francisco). In this role you will communicate findings to non-technical stakeholders, develop predictive models and evaluate their performance, translate business problems into data science solutions, and clean, transform, and analyze large datasets. We are looking for 4+ years of experience and strong skills in R, statistics, machine learning, data visualization, and PyTorch. You should be a collaborative team player who thrives on ownership and impact.",medium,0.68,medium,73,72
"UX Designer with 4 years of experience based in Seattle. B.S. in Finance. Previously at Globex and Ridgeline, where I helped to maintain and evolve the design system, conduct user research and usability testing, and create wireframes, prototypes, and high-fidelity mockups. Core skills include wireframing, usability testing, user research, design systems, prototyping, and accessibility. Proven track record of delivering results in fast-paced environments and collaborating across teams to drive measurable impact.","Northwind is hiring a UX Designer (New York). In this role you will create wireframes, prototypes, and high-fidelity mockups, conduct user research and usability testing, maintain and evolve the design system, and advocate for accessible, user-centered design. We are looking for 2+ years of experience and strong skills in Figma, accessibility, Adobe XD, user research, interaction design, and wireframing. You should be a collaborative team player who thrives on ownership and impact.",high,0.9,high,71,72
"Machine Learning Engineer with 8 years of experience based in Toronto. B.Eng. in Software Engineering. Previously at Fathom and Kestrel, where I helped to clean, transform, and analyze large datasets, run experiments and A/B tests to guide product decisions, and build and deploy machine learning models to production. Core skills include deep learning, data visualization, statistics, pandas, PyTorch, machine learning, NLP, and Python. Proven track record of delivering results in fast-paced environments and collaborating across teams to drive measurable impact.","Ridgeline is hiring a DevOps Engineer (Seattle). In this role you will reduce incident response time and toil, ensure security and scalability of platforms, automate deployment and provisioning workflows, and manage cloud infrastructure with infrastructure-as-code. We are looking for 3+ years of experience and strong skills in Prometheus, Jenkins, monitoring, CI/CD, GitOps, Kubernetes, Python, AWS, and Linux. You should be a collaborative team player who thrives on ownership and impact.",medium,0.5,medium,80,70
"Data Analyst with 8 years of experience based in Remote. B.A. in Marketing. Previously at Kestrel and Ridgeline, where I helped to support decision-making with clear data storytelling, write SQL queries to extract and analyze data, and maintain data quality and documentation. Core skills include ETL, Excel, data visualization, dashboards, statistics, and Python. Proven track record of delivering results in fast-paced environments and collaborating across teams to drive measurable impact.","Initech is hiring a Sales Manager (Singapore). In this role you will manage and grow a book of business, forecast revenue and report on sales metrics, negotiate and close deals with new clients, and develop relationships with key accounts. We are looking for 2+ years of experience and strong skills in negotiation, pipeline management, forecasting, closing, lead generation, and cold outreach. You should be a collaborative team player who thrives on ownership and impact.",low,0.29,low,70,74
"Investment Analyst with 9 years of experience based in Remote. B.S. in Statistics. Previously at Globex and BrightData, where I helped to support annual planning and budgeting cycles, produce management reporting and dashboards, and prepare monthly budget vs actual variance analysis. Core skills include valuation, variance analysis, Excel, financial reporting, budgeting, Power BI, and financial modeling. Proven track record of delivering results in fast-paced environments and collaborating across teams to drive measurable impact.","Fathom is hiring a Machine Learning Engineer (Seattle). In this role you will develop predictive models and evaluate their performance, communicate findings to non-technical stakeholders, build and deploy machine learning models to production, and run experiments and A/B tests to guide product decisions. We are looking for 4+ years of experience and strong skills in machine learning, R, PyTorch, NLP, NumPy, and scikit-learn. You should be a collaborative team player who thrives on ownership and impact.",low,0.14,low,73,76
"Site Reliability Engineer with 11 years of experience based in Bangalore. B.S. in Finance. Previously at BrightData and Vertex Systems, where I helped to build and maintain CI/CD pipelines, reduce incident response time and toil, and manage cloud infrastructure with infrastructure-as-code. Core skills include monitoring, Prometheus, Ansible, Terraform, Docker, and Kubernetes. Proven track record of delivering results in fast-paced environments and collaborating across teams to drive measurable impact.","Cobalt is hiring a Site Reliability Engineer (Bangalore). In this role you will automate deployment and provisioning workflows, build and maintain CI/CD pipelines, improve system reliability, monitoring, and alerting, and ensure security and scalability of platforms. We are looking for 2+ years of experience and strong skills in Linux, GitOps, AWS, Prometheus, Terraform, Docker, Kubernetes, and CI/CD. You should be a collaborative team player who thrives on ownership and impact.",high,0.75,high,68,70
"Backend Engineer with 14 years of experience based in Bangalore. B.A. in Economics. Previously at Globex and Vertex Systems, where I helped to participate in code reviews and technical design discussions, collaborate with cross-functional teams to ship features, and develop and maintain RESTful APIs. Core skills include Docker, REST APIs, GraphQL, Node.js, CI/CD, and JavaScript. Proven track record of delivering results in fast-paced environments and collaborating across teams to drive measurable impact.","TechNova is hiring a Full Stack Developer (Bangalore). In this role you will write clean, testable, well-documented code, participate in code reviews and technical design discussions, optimize application performance and reliability, and develop and maintain RESTful APIs. We are looking for 5+ years of experience and strong skills in TypeScript, AWS, SQL, React, and Kubernetes. You should be a collaborative team player who thrives on ownership and impact.",high,0.94,high,72,68
"Software Engineer with 15 years of experience based in Bangalore. B.S. in Computer Science. Previously at Fathom and Kestrel, where I helped to optimize application performance and reliability, write clean, testable, well-documented code, and collaborate with cross-functional teams to ship features. Core skills include Kubernetes, CI/CD, JavaScript, Git, and SQL. Proven track record of delivering results in fast-paced environments and collaborating across teams to drive measurable impact.","Lumen is hiring a HR Manager (Singapore). In this role you will manage employee relations and performance processes, own compensation and benefits administration, partner with leaders on org design and headcount planning, and lead full-cycle recruiting and onboarding. We are looking for 4+ years of experience and strong skills in performance management, HRIS, compliance, coaching, benefits, employee relations, recruiting, talent acquisition, and compensation. You should be a collaborative team player who thrives on ownership and impact.",low,0.14,low,67,76
"Product Manager with 11 years of experience based in Berlin. B.S. in Business Administration. Previously at Sonder and Initech, where I helped to gather and synthesize customer and market feedback, define product requirements and success metrics, and own the product roadmap and prioritize the backlog. Core skills include analytics, wireframing, go-to-market, Agile, A/B testing, and Scrum. Proven track record of delivering results in fast-paced environments and collaborating across teams to drive measurable impact.","Globex is hiring a Senior UX Designer (Bangalore). In this role you will conduct user research and usability testing, advocate for accessible, user-centered design, collaborate closely with product and engineering, and create wireframes, prototypes, and high-fidelity mockups. We are looking for 3+ years of experience and strong skills in Sketch, Figma, wireframing, Adobe XD, and usability testing. You should be a collaborative team player who thrives on ownership and impact.",medium,0.59,medium,73,70
"Site Reliability Engineer with 8 years of experience based in Berlin. B.Eng. in Software Engineering. Previously at Umbrella Labs and Fathom, where I helped to automate deployment and provisioning workflows, improve system reliability, monitoring, and alerting, and manage cloud infrastructure with infrastructure-as-code. Core skills include Python, AWS, Terraform, CI/CD, Ansible, and Jenkins. Proven track record of delivering results in fast-paced environments and collaborating across teams to drive measurable impact.","Vertex Systems is hiring a Senior Software Engineer (New York). In this role you will optimize application performance and reliability, collaborate with cross-functional teams to ship features, participate in code reviews and technical design discussions, and develop and maintain RESTful APIs. We are looking for 2+ years of experience and strong skills in CI/CD, SQL, Git, Docker, REST APIs, Java, and Python. You should be a collaborative team player who thrives on ownership and impact.",medium,0.66,medium,69,75
"Financial Analyst with 3 years of experience based in Singapore. M.S. in Human-Computer Interaction. Previously at Ridgeline and Fathom, where I helped to support annual planning and budgeting cycles, partner with department heads on cost control, and analyze business performance and profitability. Core skills include accounting, forecasting, GAAP, financial reporting, and Power BI. Proven track record of delivering results in fast-paced environments and collaborating across teams to drive measurable impact.","Globex is hiring a Business Analyst (Seattle). In this role you will build dashboards and reports for business stakeholders, identify trends and translate them into recommendations, automate recurring reporting workflows, and write SQL queries to extract and analyze data. We are looking for 2+ years of experience and strong skills in SQL, statistics, dashboards, reporting, and Excel. You should be a collaborative team player who thrives on ownership and impact.",medium,0.47,medium,70,70
"Full Stack Developer with 14 years of experience based in Seattle. M.S. in Human-Computer Interaction. Previously at Globex and Nimbus, where I helped to collaborate with cross-functional teams to ship features, optimize application performance and reliability, and develop and maintain RESTful APIs. Core skills include Node.js, REST APIs, Python, microservices, Kubernetes, SQL, Java, Docker, and TypeScript. Proven track record of delivering results in fast-paced environments and collaborating across teams to drive measurable impact.","BrightData is hiring a Data Scientist (Berlin). In this role you will build and deploy machine learning models to production, clean, transform, and analyze large datasets, run experiments and A/B tests to guide product decisions, and translate business problems into data science solutions. We are looking for 4+ years of experience and strong skills in deep learning, TensorFlow, PyTorch, R, and NLP. You should be a collaborative team player who thrives on ownership and impact.",medium,0.69,medium,73,75
"Site Reliability Engineer with 14 years of experience based in Berlin. B.A. in Marketing. Previously at Umbrella Labs and Vertex Systems, where I helped to manage cloud infrastructure with infrastructure-as-code, improve system reliability, monitoring, and alerting, and ensure security and scalability of platforms. Core skills include Prometheus, monitoring, Docker, Kubernetes, AWS, Linux, Jenkins, CI/CD, and Python. Proven track record of delivering results in fast-paced environments and collaborating across teams to drive measurable impact.","Umbrella Labs is hiring a Full Stack Developer (London). In this role you will write clean, testable, well-documented code, participate in code reviews and technical design discussions, optimize application performance and reliability, and collaborate with cross-functional teams to ship features. We are looking for 5+ years of experience and strong skills in Git, Java, Python, JavaScript, microservices, GraphQL, REST APIs, TypeScript, and CI/CD. You should be a collaborative team player who thrives on ownership and impact.",medium,0.44,medium,73,76
"Applied Scientist with 5 years of experience based in Austin. B.Eng. in Software Engineering. Previously at Cobalt and TechNova, where I helped to translate business problems into data science solutions, develop predictive models and evaluate their performance, and build and deploy machine learning models to production. Core skills include scikit-learn, A/B testing, Python, NLP, R, TensorFlow, and NumPy. Proven track record of delivering results in fast-paced environments and collaborating across teams to drive measurable impact.","Ridgeline is hiring a Site Reliability Engineer (Toronto). In this role you will build and maintain CI/CD pipelines, manage cloud infrastructure with infrastructure-as-code, improve system reliability, monitoring, and alerting, and automate deployment and provisioning workflows. We are looking for 4+ years of experience and strong skills in monitoring, Linux, Python, Prometheus, and CI/CD. You should be a collaborative team player who thrives on ownership and impact.",medium,0.54,medium,75,66
"Senior Software Engineer with 2 years of experience based in Seattle. B.S. in Business Administration. Previously at Vertex Systems and Initech, where I helped to develop and maintain RESTful APIs, participate in code reviews and technical design discussions, and design and build scalable backend services. Core skills include Kubernetes, CI/CD, Node.js, Git, TypeScript, Python, AWS, and microservices. Proven track record of delivering results in fast-paced environments and collaborating across teams to drive measurable impact.","Kestrel is hiring a Full Stack Developer (Bangalore). In this role you will design and build scalable backend services, write clean, testable, well-documented code, collaborate with cross-functional teams to ship features, and participate in code reviews and technical design discussions. We are looking for 3+ years of experience and strong skills in REST APIs, Python, microservices, Java, SQL, Git, and Docker. You should be a collaborative team player who thrives on ownership and impact.",high,0.79,high,74,74
"Sales Manager with 1 years of experience based in Seattle. B.A. in Economics. Previously at BrightData and Umbrella Labs, where I helped to negotiate and close deals with new clients, exceed quarterly sales targets, and forecast revenue and report on sales metrics. Core skills include cold outreach, Salesforce, CRM, negotiation, B2B sales, closing, lead generation, pipeline management, and account management. Proven track record of delivering results in fast-paced environments and collaborating across teams to drive measurable impact.","Lumen is hiring a Growth Marketing Manager (Berlin). In this role you will develop brand messaging and positioning, run email and social media marketing programs, analyze campaign performance and report on KPIs, and grow organic traffic through SEO and content strategy. We are looking for 4+ years of experience and strong skills in campaign management, copywriting, social media, brand strategy, HubSpot, email marketing, paid ads, SEO, and content marketing. You should be a collaborative team player who thrives on ownership and impact.",medium,0.49,medium,77,82
"Senior UX Designer with 3 years of experience based in New York. B.S. in Computer Science. Previously at TechNova and Vertex Systems, where I helped to create wireframes, prototypes, and high-fidelity mockups, maintain and evolve the design system, and collaborate closely with product and engineering. Core skills include Sketch, wireframing, design systems, Adobe XD, accessibility, prototyping, and usability testing. Proven track record of delivering results in fast-paced environments and collaborating across teams to drive measurable impact.","Umbrella Labs is hiring a Senior Product Manager (Seattle). In this role you will define product requirements and success metrics, align stakeholders around a product vision, own the product roadmap and prioritize the backlog, and gather and synthesize customer and market feedback. We are looking for 5+ years of experience and strong skills in analytics, go-to-market, Agile, stakeholder management, Scrum, SQL, and roadmap planning. You should be a collaborative team player who thrives on ownership and impact.",medium,0.65,medium,76,77
"Software Engineer with 5 years of experience based in Berlin. B.Eng. in Software Engineering. Previously at TechNova and Kestrel, where I helped to write clean, testable, well-documented code, participate in code reviews and technical design discussions, and optimize application performance and reliability. Core skills include Node.js, AWS, REST APIs, Python, CI/CD, and TypeScript. Proven track record of delivering results in fast-paced environments and collaborating across teams to drive measurable impact.","Sonder is hiring a UX/UI Designer (London). In this role you will advocate for accessible, user-centered design, maintain and evolve the design system, design intuitive user flows and interfaces, and conduct user research and usability testing. We are looking for 3+ years of experience and strong skills in wireframing, interaction design, accessibility, Adobe XD, usability testing, Sketch, and Figma. You should be a collaborative team player who thrives on ownership and impact.",medium,0.68,medium,70,72
"Applied Scientist with 1 years of experience based in Berlin. B.S. in Computer Science. Previously at Umbrella Labs and Lumen, where I helped to communicate findings to non-technical stakeholders, build and deploy machine learning models to production, and run experiments and A/B tests to guide product decisions. Core skills include pandas, NumPy, scikit-learn, data visualization, A/B testing, TensorFlow, Python, and PyTorch. Proven track record of delivering results in fast-paced environments and collaborating across teams to drive measurable impact.","Vertex Systems is hiring a Platform Engineer (Remote). In this role you will manage cloud infrastructure with infrastructure-as-code, improve system reliability, monitoring, and alerting, reduce incident response time and toil, and automate deployment and provisioning workflows. We are looking for 4+ years of experience and strong skills in Docker, Linux, Python, Jenkins, Prometheus, Ansible, Terraform, and AWS. You should be a collaborative team player who thrives on ownership and impact.",medium,0.68,medium,78,70
"Regional Sales Manager with 5 years of experience based in Berlin. B.S. in Finance. Previously at Globex and Northwind, where I helped to negotiate and close deals with new clients, build and maintain a healthy sales pipeline, and forecast revenue and report on sales metrics. Core skills include closing, cold outreach, B2B sales, forecasting, lead generation, and account management. Proven track record of delivering results in fast-paced environments and collaborating across teams to drive measurable impact.","Kestrel is hiring a Business Development Manager (Bangalore). In this role you will exceed quarterly sales targets, build and maintain a healthy sales pipeline, forecast revenue and report on sales metrics, and negotiate and close deals with new clients. We are looking for 5+ years of experience and strong skills in lead generation, CRM, forecasting, cold outreach, and account management. You should be a collaborative team player who thrives on ownership and impact.",high,0.87,high,76,73
"Talent Acquisition Manager with 11 years of experience based in Toronto. MBA. Previously at Ridgeline and Fathom, where I helped to manage employee relations and performance processes, own compensation and benefits administration, and ensure HR policies and compliance are up to date. Core skills include compliance, HRIS, benefits, employee relations, onboarding, performance management, talent acquisition, coaching, and compensation. Proven track record of delivering results in fast-paced environments and collaborating across teams to drive measurable impact.","Cobalt is hiring a Business Development Manager (London). In this role you will manage and grow a book of business, negotiate and close deals with new clients, exceed quarterly sales targets, and build and maintain a healthy sales pipeline. We are looking for 5+ years of experience and strong skills in Salesforce, cold outreach, account management, negotiation, lead generation, closing, and B2B sales. You should be a collaborative team player who thrives on ownership and impact.",medium,0.51,medium,75,76
"Data Analyst with 5 years of experience based in Berlin. B.Eng. in Software Engineering. Previously at Ridgeline and Nimbus, where I helped to automate recurring reporting workflows, build dashboards and reports for business stakeholders, and identify trends and translate them into recommendations. Core skills include statistics, dashboards, Tableau, Google Analytics, Excel, Python, and SQL. Proven track record of delivering results in fast-paced environments and collaborating across teams to drive measurable impact.","Initech is hiring a Senior Data Analyst (San Francisco). In this role you will identify trends and translate them into recommendations, write SQL queries to extract and analyze data, automate recurring reporting workflows, and build dashboards and reports for business stakeholders. We are looking for 2+ years of experience and strong skills in reporting, Power BI, data visualization, Google Analytics, and statistics. You should be a collaborative team player who thrives on ownership and impact.",high,0.93,high,71,75
"Sales Manager with 5 years of experience based in London. M.S. in Human-Computer Interaction. Previously at Umbrella Labs and Cobalt, where I helped to exceed quarterly sales targets, forecast revenue and report on sales metrics, and build and maintain a healthy sales pipeline. Core skills include forecasting, CRM, Salesforce, cold outreach, B2B sales, and negotiation. Proven track record of delivering results in fast-paced environments and collaborating across teams to drive measurable impact.","Acme Corp is hiring a Product Designer (Austin). In this role you will maintain and evolve the design system, collaborate closely with product and engineering, conduct user research and usability testing, and design intuitive user flows and interfaces. We are looking for 3+ years of experience and strong skills in wireframing, Adobe XD, prototyping, interaction design, user research, usability testing, and Figma. You should be a collaborative team player who thrives on ownership and impact.",low,0.14,low,72,75
"Business Analyst with 5 years of experience based in Berlin. B.S. in Finance. Previously at Umbrella Labs and BrightData, where I helped to write SQL queries to extract and analyze data, identify trends and translate them into recommendations, and automate recurring reporting workflows. Core skills include Tableau, SQL, ETL, Python, Excel, dashboards, and Power BI. Proven track record of delivering results in fast-paced environments and collaborating across teams to drive measurable impact.","Ridgeline is hiring a Senior Product Manager (Remote). In this role you will work with engineering and design to deliver features, analyze usage data to inform product decisions, define product requirements and success metrics, and own the product roadmap and prioritize the backlog. We are looking for 5+ years of experience and strong skills in prioritization, Scrum, stakeholder management, A/B testing, wireframing, user research, go-to-market, SQL, and Agile. You should be a collaborative team player who thrives on ownership and impact.",medium,0.4,medium,72,81
"Senior Data Analyst with 5 years of experience based in Seattle. B.S. in Finance. Previously at Northwind and Initech, where I helped to write SQL queries to extract and analyze data, identify trends and translate them into recommendations, and maintain data quality and documentation. Core skills include SQL, Tableau, reporting, statistics, and Power BI. Proven track record of delivering results in fast-paced environments and collaborating across teams to drive measurable impact.","Acme Corp is hiring a Associate Product Manager (London). In this role you will define product requirements and success metrics, work with engineering and design to deliver features, gather and synthesize customer and market feedback, and own the product roadmap and prioritize the backlog. We are looking for 2+ years of experience and strong skills in Agile, analytics, prioritization, stakeholder management, SQL, wireframing, Scrum, and roadmap planning. You should be a collaborative team player who thrives on ownership and impact.",medium,0.41,medium,71,80
"Regional Sales Manager with 4 years of experience based in San Francisco. B.A. in Marketing. Previously at Acme Corp and Northwind, where I helped to build and maintain a healthy sales pipeline, develop relationships with key accounts, and exceed quarterly sales targets. Core skills include Salesforce, forecasting, cold outreach, negotiation, closing, pipeline management, and B2B sales. Proven track record of delivering results in fast-paced environments and collaborating across teams to drive measurable impact.","TechNova is hiring a Machine Learning Engineer (Remote). In this role you will communicate findings to non-technical stakeholders, develop predictive models and evaluate their performance, build and deploy machine learning models to production, and run experiments and A/B tests to guide product decisions. We are looking for 4+ years of experience and strong skills in Python, scikit-learn, machine learning, A/B testing, data visualization, PyTorch, NLP, NumPy, and TensorFlow. You should be a collaborative team player who thrives on ownership and impact.",low,0.13,low,73,81
"People Operations Manager with 3 years of experience based in San Francisco. B.S. in Finance. Previously at Vertex Systems and Lumen, where I helped to lead full-cycle recruiting and onboarding, ensure HR policies and compliance are up to date, and manage employee relations and performance processes. Core skills include onboarding, compliance, employee relations, performance management, and compensation. Proven track record of delivering results in fast-paced environments and collaborating across teams to drive measurable impact.","Umbrella Labs is hiring a Senior Financial Analyst (Seattle). In this role you will prepare monthly budget vs actual variance analysis, support annual planning and budgeting cycles, build financial models and forecasts, and produce management reporting and dashboards. We are looking for 3+ years of experience and strong skills in variance analysis, GAAP, Power BI, financial reporting, financial modeling, and valuation. You should be a collaborative team player who thrives on ownership and impact.",low,0.11,low,74,74
"Business Development Manager with 6 years of experience based in Toronto. M.S. in Human-Computer Interaction. Previously at TechNova and Cobalt, where I helped to exceed quarterly sales targets, develop relationships with key accounts, and build and maintain a healthy sales pipeline. Core skills include cold outreach, Salesforce, negotiation, closing, lead generation, and account management. Proven track record of delivering results in fast-paced environments and collaborating across teams to drive measurable impact.","Vertex Systems is hiring a People Operations Manager (Singapore). In this role you will manage employee relations and performance processes, own compensation and benefits administration, drive engagement and retention initiatives, and ensure HR policies and compliance are up to date. We are looking for 2+ years of experience and strong skills in compensation, onboarding, performance management, employee relations, recruiting, coaching, and compliance. You should be a collaborative team player who thrives on ownership and impact.",medium,0.4,medium,71,75
"Content Marketing Manager with 6 years of experience based in Remote. M.S. in Data Science. Previously at Acme Corp and Initech, where I helped to grow organic traffic through SEO and content strategy, analyze campaign performance and report on KPIs, and manage paid advertising budgets and optimize ROI. Core skills include email marketing, campaign management, Google Analytics, paid ads, copywriting, brand strategy, HubSpot, and content marketing. Proven track record of delivering results in fast-paced environments and collaborating across teams to drive measurable impact.","BrightData is hiring a Senior Data Scientist (Seattle). In this role you will run experiments and A/B tests to guide product decisions, develop predictive models and evaluate their performance, clean, transform, and analyze large datasets, and communicate findings to non-technical stakeholders. We are looking for 2+ years of experience and strong skills in deep learning, data visualization, SQL, pandas, A/B testing, and scikit-learn. You should be a collaborative team player who thrives on ownership and impact.",low,0.26,low,83,76
"Senior Software Engineer with 7 years of experience based in Remote. B.S. in Computer Science. Previously at Cobalt and Acme Corp, where I helped to develop and maintain RESTful APIs, collaborate with cross-functional teams to ship features, and optimize application performance and reliability. Core skills include Python, GraphQL, SQL, React, AWS, TypeScript, CI/CD, and microservices. Proven track record of delivering results in fast-paced environments and collaborating across teams to drive measurable impact.","Umbrella Labs is hiring a Product Designer (Austin). In this role you will design intuitive user flows and interfaces, create wireframes, prototypes, and high-fidelity mockups, collaborate closely with product and engineering, and conduct user research and usability testing. We are looking for 4+ years of experience and strong skills in Sketch, accessibility, usability testing, user research, and Figma. You should be a collaborative team player who thrives on ownership and impact.",medium,0.56,medium,72,71
"Machine Learning Engineer with 2 years of experience based in Remote. B.S. in Finance. Previously at Acme Corp and BrightData, where I helped to build and deploy machine learning models to production, clean, transform, and analyze large datasets, and run experiments and A/B tests to guide product decisions. Core skills include deep learning, NumPy, machine learning, Python, and scikit-learn. Proven track record of delivering results in fast-paced environments and collaborating across teams to drive measurable impact.","Nimbus is hiring a Site Reliability Engineer (Bangalore). In this role you will improve system reliability, monitoring, and alerting, ensure security and scalability of platforms, build and maintain CI/CD pipelines, and automate deployment and provisioning workflows. We are looking for 4+ years of experience and strong skills in CI/CD, Prometheus, Ansible, Docker, Linux, and AWS. You should be a collaborative team player who thrives on ownership and impact.",medium,0.55,medium,76,68
"UX Designer with 12 years of experience based in London. B.A. in Economics. Previously at Cobalt and Nimbus, where I helped to collaborate closely with product and engineering, create wireframes, prototypes, and high-fidelity mockups, and maintain and evolve the design system. Core skills include design systems, usability testing, user research, accessibility, Sketch, prototyping, Adobe XD, Figma, and interaction design. Proven track record of delivering results in fast-paced environments and collaborating across teams to drive measurable impact.","Northwind is hiring a Associate Product Manager (Toronto). In this role you will gather and synthesize customer and market feedback, own the product roadmap and prioritize the backlog, analyze usage data to inform product decisions, and define product requirements and success metrics. We are looking for 5+ years of experience and strong skills in A/B testing, SQL, user research, wireframing, analytics, and prioritization. You should be a collaborative team player who thrives on ownership and impact.",medium,0.52,medium,76,76
"Senior Data Scientist with 4 years of experience based in Singapore. B.A. in Economics. Previously at Kestrel and Initech, where I helped to clean, transform, and analyze large datasets, communicate findings to non-technical stakeholders, and develop predictive models and evaluate their performance. Core skills include deep learning, machine learning, data visualization, A/B testing, NLP, NumPy, and SQL. Proven track record of delivering results in fast-paced environments and collaborating across teams to drive measurable impact.","BrightData is hiring a Associate Product Manager (San Francisco). In this role you will gather and synthesize customer and market feedback, define product requirements and success metrics, analyze usage data to inform product decisions, and work with engineering and design to deliver features. We are looking for 4+ years of experience and strong skills in roadmap planning, prioritization, stakeholder management, SQL, Scrum, go-to-market, wireframing, and user research. You should be a collaborative team player who thrives on ownership and impact.",low,0.2,low,74,80
"Site Reliability Engineer with 15 years of experience based in Austin. B.A. in Economics. Previously at Globex and BrightData, where I helped to improve system reliability, monitoring, and alerting, build and maintain CI/CD pipelines, and ensure security and scalability of platforms. Core skills include Terraform, GitOps, CI/CD, Python, Jenkins, monitoring, and Prometheus. Proven track record of delivering results in fast-paced environments and collaborating across teams to drive measurable impact.","Lumen is hiring a Marketing Manager (Berlin). In this role you will develop brand messaging and positioning, grow organic traffic through SEO and content strategy, run email and social media marketing programs, and plan and execute multi-channel marketing campaigns. We are looking for 4+ years of experience and strong skills in paid ads, email marketing, HubSpot, Google Analytics, content marketing, and copywriting. You should be a collaborative team player who thrives on ownership and impact.",low,0.13,low,69,75
"Talent Acquisition Manager with 8 years of experience based in London. B.A. in Economics. Previously at BrightData and Northwind, where I helped to own compensation and benefits administration, drive engagement and retention initiatives, and manage employee relations and performance processes. Core skills include performance management, coaching, employee relations, benefits, onboarding, and compensation. Proven track record of delivering results in fast-paced environments and collaborating across teams to drive measurable impact.","Nimbus is hiring a UX Designer (Bangalore). In this role you will advocate for accessible, user-centered design, collaborate closely with product and engineering, conduct user research and usability testing, and design intuitive user flows and interfaces. We are looking for 3+ years of experience and strong skills in Sketch, user research, Figma, prototyping, design systems, wireframing, Adobe XD, interaction design, and accessibility. You should be a collaborative team player who thrives on ownership and impact.",low,0.26,low,69,75
"Digital Marketing Manager with 6 years of experience based in Bangalore. B.A. in Marketing. Previously at Cobalt and Kestrel, where I helped to run email and social media marketing programs, develop brand messaging and positioning, and manage paid advertising budgets and optimize ROI. Core skills include Google Analytics, campaign management, SEO, social media, email marketing, HubSpot, paid ads, brand strategy, and content marketing. Proven track record of delivering results in fast-paced environments and collaborating across teams to drive measurable impact.","TechNova is hiring a Business Development Manager (Berlin). In this role you will forecast revenue and report on sales metrics, manage and grow a book of business, exceed quarterly sales targets, and develop relationships with key accounts. We are looking for 5+ years of experience and strong skills in CRM, closing, lead generation, Salesforce, forecasting, pipeline management, negotiation, account management, and cold outreach. You should be a collaborative team player who thrives on ownership and impact.",medium,0.55,medium,80,76
"Senior Product Manager with 14 years of experience based in Singapore. B.Eng. in Software Engineering. Previously at Initech and Cobalt, where I helped to work with engineering and design to deliver features, align stakeholders around a product vision, and define product requirements and success metrics. Core skills include roadmap planning, Scrum, A/B testing, analytics, Agile, and SQL. Proven track record of delivering results in fast-paced environments and collaborating across teams to drive measurable impact.","Umbrella Labs is hiring a Financial Analyst (Seattle). In this role you will analyze business performance and profitability, produce management reporting and dashboards, support annual planning and budgeting cycles, and partner with department heads on cost control. We are looking for 4+ years of experience and strong skills in budgeting, valuation, Power BI, financial modeling, and SQL. You should be a collaborative team player who thrives on ownership and impact.",medium,0.65,medium,74,70
"Machine Learning Engineer with 13 years of experience based in Seattle. MBA. Previously at Ridgeline and Acme Corp, where I helped to communicate findings to non-technical stakeholders, translate business problems into data science solutions, and build and deploy machine learning models to production. Core skills include NLP, statistics, Python, TensorFlow, deep learning, and machine learning. Proven track record of delivering results in fast-paced environments and collaborating across teams to drive measurable impact.","Acme Corp is hiring a Cloud Engineer (New York). In this role you will ensure security and scalability of platforms, build and maintain CI/CD pipelines, reduce incident response time and toil, and improve system reliability, monitoring, and alerting. We are looking for 2+ years of experience and strong skills in monitoring, Prometheus, CI/CD, Ansible, and AWS. You should be a collaborative team player who thrives on ownership and impact.",medium,0.64,medium,72,69
"Business Analyst with 12 years of experience based in Seattle. B.A. in Economics. Previously at Initech and BrightData, where I helped to build dashboards and reports for business stakeholders, automate recurring reporting workflows, and support decision-making with clear data storytelling. Core skills include statistics, ETL, Google Analytics, Python, and Excel. Proven track record of delivering results in fast-paced environments and collaborating across teams to drive measurable impact.","Nimbus is hiring a Group Product Manager (London). In this role you will work with engineering and design to deliver features, gather and synthesize customer and market feedback, analyze usage data to inform product decisions, and own the product roadmap and prioritize the backlog. We are looking for 3+ years of experience and strong skills in stakeholder management, Scrum, go-to-market, prioritization, A/B testing, Agile, analytics, and wireframing. You should be a collaborative team player who thrives on ownership and impact.",medium,0.46,medium,67,80
"Product Designer with 9 years of experience based in Singapore. B.S. in Business Administration. Previously at Kestrel and Initech, where I helped to advocate for accessible, user-centered design, conduct user research and usability testing, and collaborate closely with product and engineering. Core skills include Sketch, user research, design systems, accessibility, interaction design, usability testing, prototyping, and Adobe XD. Proven track record of delivering results in fast-paced environments and collaborating across teams to drive measurable impact.","Initech is hiring a Product Manager (Toronto). In this role you will work with engineering and design to deliver features, own the product roadmap and prioritize the backlog, align stakeholders around a product vision, and define product requirements and success metrics. We are looking for 5+ years of experience and strong skills in wireframing, stakeholder management, SQL, analytics, user research, roadmap planning, Scrum, go-to-market, and A/B testing. You should be a collaborative team player who thrives on ownership and impact.",medium,0.57,medium,75,80
"Senior Financial Analyst with 2 years of experience based in Singapore. MBA. Previously at Lumen and Acme Corp, where I helped to analyze business performance and profitability, prepare monthly budget vs actual variance analysis, and produce management reporting and dashboards. Core skills include valuation, Power BI, variance analysis, budgeting, SQL, accounting, and financial reporting. Proven track record of delivering results in fast-paced environments and collaborating across teams to drive measurable impact.","Nimbus is hiring a Financial Analyst (Berlin). In this role you will partner with department heads on cost control, build financial models and forecasts, produce management reporting and dashboards, and prepare monthly budget vs actual variance analysis. We are looking for 2+ years of experience and strong skills in SQL, Excel, accounting, financial modeling, valuation, and variance analysis. You should be a collaborative team player who thrives on ownership and impact.",high,0.88,high,71,71
"Platform Engineer with 6 years of experience based in London. MBA. Previously at Sonder and Umbrella Labs, where I helped to automate deployment and provisioning workflows, manage cloud infrastructure with infrastructure-as-code, and build and maintain CI/CD pipelines. Core skills include monitoring, CI/CD, Linux, Prometheus, and Python. Proven track record of delivering results in fast-paced environments and collaborating across teams to drive measurable impact.","Umbrella Labs is hiring a Senior Software Engineer (Bangalore). In this role you will write clean, testable, well-documented code, optimize application performance and reliability, design and build scalable backend services, and participate in code reviews and technical design discussions. We are looking for 3+ years of experience and strong skills in JavaScript, Python, CI/CD, Kubernetes, REST APIs, Java, and Docker. You should be a collaborative team player who thrives on ownership and impact.",medium,0.57,medium,63,73
"Business Development Manager with 3 years of experience based in New York. M.S. in Data Science. Previously at Cobalt and Initech, where I helped to build and maintain a healthy sales pipeline, negotiate and close deals with new clients, and exceed quarterly sales targets. Core skills include forecasting, lead generation, pipeline management, B2B sales, and closing. Proven track record of delivering results in fast-paced environments and collaborating across teams to drive measurable impact.","Sonder is hiring a Business Development Manager (New York). In this role you will manage and grow a book of business, develop relationships with key accounts, exceed quarterly sales targets, and build and maintain a healthy sales pipeline. We are looking for 3+ years of experience and strong skills in B2B sales, closing, pipeline management, forecasting, lead generation, negotiation, CRM, and Salesforce. You should be a collaborative team player who thrives on ownership and impact.",high,0.79,high,73,75
"HR Manager with 10 years of experience based in Singapore. B.Eng. in Software Engineering. Previously at Ridgeline and Vertex Systems, where I helped to own compensation and benefits administration, lead full-cycle recruiting and onboarding, and partner with leaders on org design and headcount planning. Core skills include recruiting, benefits, talent acquisition, compliance, compensation, coaching, performance management, HRIS, and onboarding. Proven track record of delivering results in fast-paced environments and collaborating across teams to drive measurable impact.","TechNova is hiring a Talent Acquisition Manager (London). In this role you will own compensation and benefits administration, manage employee relations and performance processes, drive engagement and retention initiatives, and ensure HR policies and compliance are up to date. We are looking for 3+ years of experience and strong skills in employee relations, talent acquisition, HRIS, compliance, performance management, recruiting, and benefits. You should be a collaborative team player who thrives on ownership and impact.",high,0.94,high,76,75
"Regional Sales Manager with 7 years of experience based in Austin. MBA. Previously at Cobalt and Fathom, where I helped to forecast revenue and report on sales metrics, develop relationships with key accounts, and manage and grow a book of business. Core skills include CRM, cold outreach, B2B sales, negotiation, and forecasting. Proven track record of delivering results in fast-paced environments and collaborating across teams to drive measurable impact.","Sonder is hiring a Talent Acquisition Manager (New York). In this role you will drive engagement and retention initiatives, own compensation and benefits administration, manage employee relations and performance processes, and ensure HR policies and compliance are up to date. We are looking for 2+ years of experience and strong skills in performance management, talent acquisition, compliance, employee relations, benefits, compensation, coaching, and recruiting. You should be a collaborative team player who thrives on ownership and impact.",medium,0.69,medium,69,77
"Cloud Engineer with 1 years of experience based in Bangalore. M.S. in Human-Computer Interaction. Previously at Lumen and BrightData, where I helped to automate deployment and provisioning workflows, manage cloud infrastructure with infrastructure-as-code, and reduce incident response time and toil. Core skills include monitoring, Prometheus, Ansible, CI/CD, Jenkins, Kubernetes, AWS, and GitOps. Proven track record of delivering results in fast-paced environments and collaborating across teams to drive measurable impact.","Sonder is hiring a BI Analyst (Singapore). In this role you will maintain data quality and documentation, automate recurring reporting workflows, identify trends and translate them into recommendations, and build dashboards and reports for business stakeholders. We are looking for 2+ years of experience and strong skills in Power BI, Python, Excel, SQL, ETL, Tableau, Google Analytics, and dashboards. You should be a collaborative team player who thrives on ownership and impact.",low,0.14,low,69,72
"Digital Marketing Manager with 4 years of experience based in Toronto. B.S. in Finance. Previously at Fathom and Globex, where I helped to plan and execute multi-channel marketing campaigns, run email and social media marketing programs, and analyze campaign performance and report on KPIs. Core skills include HubSpot, email marketing, social media, copywriting, content marketing, brand strategy, and campaign management. Proven track record of delivering results in fast-paced environments and collaborating across teams to drive measurable impact.","Nimbus is hiring a HR Business Partner (New York). In this role you will drive engagement and retention initiatives, own compensation and benefits administration, manage employee relations and performance processes, and ensure HR policies and compliance are up to date. We are looking for 2+ years of experience and strong skills in HRIS, compensation, recruiting, compliance, employee relations, and coaching. You should be a collaborative team player who thrives on ownership and impact.",medium,0.5,medium,77,73
"Associate Product Manager with 5 years of experience based in Toronto. M.S. in Data Science. Previously at Northwind and Fathom, where I helped to define product requirements and success metrics, align stakeholders around a product vision, and analyze usage data to inform product decisions. Core skills include Scrum, stakeholder management, SQL, analytics, roadmap planning, wireframing, and user research. Proven track record of delivering results in fast-paced environments and collaborating across teams to drive measurable impact.","Acme Corp is hiring a Financial Analyst (Singapore). In this role you will partner with department heads on cost control, analyze business performance and profitability, prepare monthly budget vs actual variance analysis, and produce management reporting and dashboards. We are looking for 2+ years of experience and strong skills in budgeting, forecasting, accounting, valuation, SQL, and financial modeling. You should be a collaborative team player who thrives on ownership and impact.",medium,0.49,medium,75,71
"Account Executive with 10 years of experience based in San Francisco. B.Eng. in Software Engineering. Previously at Fathom and Acme Corp, where I helped to negotiate and close deals with new clients, develop relationships with key accounts, and manage and grow a book of business. Core skills include CRM, lead generation, account management, forecasting, Salesforce, closing, negotiation, B2B sales, and pipeline management. Proven track record of delivering results in fast-paced environments and collaborating across teams to drive measurable impact.","Ridgeline is hiring a Senior Data Scientist (Toronto). In this role you will run experiments and A/B tests to guide product decisions, translate business problems into data science solutions, build and deploy machine learning models to production, and communicate findings to non-technical stakeholders. We are looking for 3+ years of experience and strong skills in pandas, deep learning, NumPy, data visualization, A/B testing, machine learning, and scikit-learn. You should be a collaborative team player who thrives on ownership and impact.",low,0.21,low,79,80
"Backend Engineer with 7 years of experience based in Singapore. B.S. in Computer Science. Previously at Cobalt and BrightData, where I helped to write clean, testable, well-documented code, participate in code reviews and technical design discussions, and develop and maintain RESTful APIs. Core skills include AWS, CI/CD, TypeScript, REST APIs, Docker, JavaScript, SQL, and Python. Proven track record of delivering results in fast-paced environments and collaborating across teams to drive measurable impact.","Vertex Systems is hiring a HR Manager (Toronto). In this role you will ensure HR policies and compliance are up to date, own compensation and benefits administration, drive engagement and retention initiatives, and lead full-cycle recruiting and onboarding. We are looking for 2+ years of experience and strong skills in compensation, HRIS, coaching, employee relations, recruiting, onboarding, talent acquisition, and performance management. You should be a collaborative team player who thrives on ownership and impact.",low,0.18,low,72,75
"Account Executive with 6 years of experience based in San Francisco. B.A. in Marketing. Previously at Sonder and TechNova, where I helped to negotiate and close deals with new clients, exceed quarterly sales targets, and develop relationships with key accounts. Core skills include CRM, cold outreach, pipeline management, Salesforce, and lead generation. Proven track record of delivering results in fast-paced environments and collaborating across teams to drive measurable impact.","Initech is hiring a Sales Manager (London). In this role you will manage and grow a book of business, forecast revenue and report on sales metrics, negotiate and close deals with new clients, and exceed quarterly sales targets. We are looking for 3+ years of experience and strong skills in Salesforce, forecasting, pipeline management, cold outreach, and B2B sales. You should be a collaborative team player who thrives on ownership and impact.",high,0.83,high,69,72
"Senior Product Manager with 13 years of experience based in Berlin. B.S. in Business Administration. Previously at TechNova and BrightData, where I helped to analyze usage data to inform product decisions, own the product roadmap and prioritize the backlog, and work with engineering and design to deliver features. Core skills include stakeholder management, SQL, user research, A/B testing, analytics, wireframing, Scrum, prioritization, and go-to-market. Proven track record of delivering results in fast-paced environments and collaborating across teams to drive measurable impact.","Initech is hiring a Investment Analyst (Remote). In this role you will analyze business performance and profitability, prepare monthly budget vs actual variance analysis, support annual planning and budgeting cycles, and build financial models and forecasts. We are looking for 3+ years of experience and strong skills in accounting, valuation, variance analysis, GAAP, financial reporting, Excel, forecasting, financial modeling, and budgeting. You should be a collaborative team player who thrives on ownership and impact.",medium,0.43,medium,81,74
"Senior Software Engineer with 14 years of experience based in Singapore. B.A. in Marketing. Previously at Acme Corp and Sonder, where I helped to design and build scalable backend services, participate in code reviews and technical design discussions, and collaborate with cross-functional teams to ship features. Core skills include AWS, Java, Kubernetes, microservices, CI/CD, Python, TypeScript, and Docker. Proven track record of delivering results in fast-paced environments and collaborating across teams to drive measurable impact.","TechNova is hiring a Site Reliability Engineer (New York). In this role you will ensure security and scalability of platforms, automate deployment and provisioning workflows, improve system reliability, monitoring, and alerting, and reduce incident response time and toil. We are looking for 5+ years of experience and strong skills in Jenkins, GitOps, AWS, Terraform, Linux, Kubernetes, CI/CD, and Prometheus. You should be a collaborative team player who thrives on ownership and impact.",medium,0.65,medium,75,72
